image_path,split
Adrenal Gland/fold1_00001171.png,train
Adrenal Gland/fold1_00001172.png,train
Adrenal Gland/fold1_00001173.png,train
Adrenal Gland/fold1_00001175.png,train
Adrenal Gland/fold1_00001176.png,train
Adrenal Gland/fold1_00001177.png,train
Adrenal Gland/fold1_00001178.png,train
Adrenal Gland/fold1_00001179.png,train
Adrenal Gland/fold1_00001180.png,train
Adrenal Gland/fold1_00001181.png,train
Adrenal Gland/fold1_00001182.png,train
Adrenal Gland/fold1_00001183.png,train
Adrenal Gland/fold1_00001184.png,train
Adrenal Gland/fold1_00001185.png,train
Adrenal Gland/fold1_00001186.png,train
Adrenal Gland/fold1_00001187.png,train
Adrenal Gland/fold1_00001188.png,train
Adrenal Gland/fold1_00001189.png,train
Adrenal Gland/fold1_00001190.png,train
Adrenal Gland/fold1_00001191.png,train
Adrenal Gland/fold1_00001192.png,train
Adrenal Gland/fold1_00001195.png,train
Adrenal Gland/fold1_00001196.png,train
Adrenal Gland/fold1_00001197.png,train
Adrenal Gland/fold1_00001198.png,train
Adrenal Gland/fold1_00001199.png,train
Adrenal Gland/fold1_00001200.png,train
Adrenal Gland/fold1_00001201.png,train
Adrenal Gland/fold1_00001202.png,train
Adrenal Gland/fold1_00001203.png,train
Adrenal Gland/fold1_00001204.png,train
Adrenal Gland/fold1_00001205.png,train
Adrenal Gland/fold1_00001207.png,train
Adrenal Gland/fold1_00001208.png,train
Adrenal Gland/fold1_00001209.png,train
Adrenal Gland/fold1_00001210.png,train
Adrenal Gland/fold1_00001212.png,train
Adrenal Gland/fold1_00001213.png,train
Adrenal Gland/fold1_00001214.png,train
Adrenal Gland/fold1_00001215.png,train
Adrenal Gland/fold1_00001216.png,train
Adrenal Gland/fold1_00001217.png,train
Adrenal Gland/fold1_00001264.png,train
Adrenal Gland/fold1_00001266.png,train
Adrenal Gland/fold1_00001267.png,train
Adrenal Gland/fold1_00001269.png,train
Adrenal Gland/fold1_00001270.png,train
Adrenal Gland/fold1_00001271.png,train
Adrenal Gland/fold1_00001272.png,train
Adrenal Gland/fold1_00001273.png,train
Adrenal Gland/fold1_00001274.png,train
Adrenal Gland/fold1_00001275.png,train
Adrenal Gland/fold1_00001276.png,train
Adrenal Gland/fold1_00001277.png,train
Adrenal Gland/fold1_00001278.png,train
Adrenal Gland/fold1_00001304.png,train
Adrenal Gland/fold1_00001305.png,train
Adrenal Gland/fold1_00001306.png,train
Adrenal Gland/fold1_00001307.png,train
Adrenal Gland/fold1_00001308.png,train
Adrenal Gland/fold1_00001309.png,train
Adrenal Gland/fold1_00001310.png,train
Adrenal Gland/fold1_00001311.png,train
Adrenal Gland/fold1_00001312.png,train
Adrenal Gland/fold1_00001313.png,train
Adrenal Gland/fold1_00001314.png,train
Adrenal Gland/fold1_00001315.png,train
Adrenal Gland/fold1_00001316.png,train
Adrenal Gland/fold1_00001317.png,train
Adrenal Gland/fold1_00001318.png,train
Adrenal Gland/fold1_00001521.png,train
Adrenal Gland/fold1_00001523.png,train
Adrenal Gland/fold1_00001524.png,train
Adrenal Gland/fold1_00001525.png,train
Adrenal Gland/fold1_00001526.png,train
Adrenal Gland/fold1_00001527.png,train
Adrenal Gland/fold1_00001528.png,train
Adrenal Gland/fold1_00001529.png,train
Adrenal Gland/fold1_00001530.png,train
Adrenal Gland/fold1_00001531.png,train
Adrenal Gland/fold1_00001532.png,train
Adrenal Gland/fold1_00001533.png,train
Adrenal Gland/fold1_00001534.png,train
Adrenal Gland/fold1_00001535.png,train
Adrenal Gland/fold1_00001536.png,train
Adrenal Gland/fold1_00001537.png,train
Adrenal Gland/fold1_00001538.png,train
Adrenal Gland/fold1_00001540.png,train
Adrenal Gland/fold1_00001541.png,train
Adrenal Gland/fold1_00001543.png,train
Adrenal Gland/fold1_00001544.png,train
Adrenal Gland/fold1_00001545.png,train
Adrenal Gland/fold1_00001546.png,train
Adrenal Gland/fold1_00001547.png,train
Adrenal Gland/fold1_00001548.png,train
Adrenal Gland/fold1_00001549.png,train
Adrenal Gland/fold1_00001550.png,train
Adrenal Gland/fold1_00001552.png,train
Adrenal Gland/fold1_00001554.png,train
Adrenal Gland/fold1_00001555.png,train
Adrenal Gland/fold1_00001556.png,train
Adrenal Gland/fold1_00001558.png,train
Adrenal Gland/fold1_00001559.png,train
Adrenal Gland/fold1_00001560.png,train
Adrenal Gland/fold1_00001561.png,train
Adrenal Gland/fold1_00001562.png,train
Adrenal Gland/fold1_00001563.png,train
Adrenal Gland/fold1_00001564.png,train
Adrenal Gland/fold1_00001565.png,train
Adrenal Gland/fold1_00001566.png,train
Adrenal Gland/fold1_00001567.png,train
Adrenal Gland/fold1_00001568.png,train
Adrenal Gland/fold1_00001569.png,train
Adrenal Gland/fold1_00001570.png,train
Adrenal Gland/fold1_00001571.png,train
Adrenal Gland/fold1_00001572.png,train
Adrenal Gland/fold1_00001573.png,train
Adrenal Gland/fold1_00001574.png,train
Adrenal Gland/fold2_00001031.png,train
Adrenal Gland/fold2_00001033.png,train
Adrenal Gland/fold2_00001034.png,train
Adrenal Gland/fold2_00001035.png,train
Adrenal Gland/fold2_00001036.png,train
Adrenal Gland/fold2_00001037.png,train
Adrenal Gland/fold2_00001038.png,train
Adrenal Gland/fold2_00001040.png,train
Adrenal Gland/fold2_00001041.png,train
Adrenal Gland/fold2_00001042.png,train
Adrenal Gland/fold2_00001043.png,train
Adrenal Gland/fold2_00001044.png,train
Adrenal Gland/fold2_00001045.png,train
Adrenal Gland/fold2_00001046.png,train
Adrenal Gland/fold2_00001048.png,train
Adrenal Gland/fold2_00001049.png,train
Adrenal Gland/fold2_00001050.png,train
Adrenal Gland/fold2_00001051.png,train
Adrenal Gland/fold2_00001052.png,train
Adrenal Gland/fold2_00001053.png,train
Adrenal Gland/fold2_00001054.png,train
Adrenal Gland/fold2_00001055.png,train
Adrenal Gland/fold2_00001056.png,train
Adrenal Gland/fold2_00001057.png,train
Adrenal Gland/fold2_00001058.png,train
Adrenal Gland/fold2_00001059.png,train
Adrenal Gland/fold2_00001060.png,train
Adrenal Gland/fold2_00001061.png,train
Adrenal Gland/fold2_00001062.png,train
Adrenal Gland/fold2_00001063.png,train
Adrenal Gland/fold2_00001064.png,train
Adrenal Gland/fold2_00001065.png,train
Adrenal Gland/fold2_00001066.png,train
Adrenal Gland/fold2_00001067.png,train
Adrenal Gland/fold2_00001068.png,train
Adrenal Gland/fold2_00001070.png,train
Adrenal Gland/fold2_00001072.png,train
Adrenal Gland/fold2_00001074.png,train
Adrenal Gland/fold2_00001108.png,train
Adrenal Gland/fold2_00001109.png,train
Adrenal Gland/fold2_00001110.png,train
Adrenal Gland/fold2_00001111.png,train
Adrenal Gland/fold2_00001112.png,train
Adrenal Gland/fold2_00001114.png,train
Adrenal Gland/fold2_00001116.png,train
Adrenal Gland/fold2_00001117.png,train
Adrenal Gland/fold2_00001118.png,train
Adrenal Gland/fold2_00001119.png,train
Adrenal Gland/fold2_00001120.png,train
Adrenal Gland/fold2_00001121.png,train
Adrenal Gland/fold2_00001122.png,train
Adrenal Gland/fold2_00001151.png,train
Adrenal Gland/fold2_00001152.png,train
Adrenal Gland/fold2_00001153.png,train
Adrenal Gland/fold2_00001154.png,train
Adrenal Gland/fold2_00001155.png,train
Adrenal Gland/fold2_00001156.png,train
Adrenal Gland/fold2_00001157.png,train
Adrenal Gland/fold2_00001158.png,train
Adrenal Gland/fold2_00001159.png,train
Adrenal Gland/fold2_00001160.png,train
Adrenal Gland/fold2_00001161.png,train
Adrenal Gland/fold2_00001162.png,train
Adrenal Gland/fold2_00001163.png,train
Adrenal Gland/fold2_00001164.png,train
Adrenal Gland/fold2_00001165.png,train
Adrenal Gland/fold2_00001166.png,train
Adrenal Gland/fold2_00001167.png,train
Adrenal Gland/fold2_00001168.png,train
Adrenal Gland/fold2_00001169.png,train
Adrenal Gland/fold2_00001332.png,train
Adrenal Gland/fold2_00001334.png,train
Adrenal Gland/fold2_00001335.png,train
Adrenal Gland/fold2_00001336.png,train
Adrenal Gland/fold2_00001337.png,train
Adrenal Gland/fold2_00001338.png,train
Adrenal Gland/fold2_00001339.png,train
Adrenal Gland/fold2_00001340.png,train
Adrenal Gland/fold2_00001341.png,train
Adrenal Gland/fold2_00001342.png,train
Adrenal Gland/fold2_00001343.png,train
Adrenal Gland/fold2_00001344.png,train
Adrenal Gland/fold2_00001345.png,train
Adrenal Gland/fold2_00001347.png,train
Adrenal Gland/fold2_00001348.png,train
Adrenal Gland/fold2_00001349.png,train
Adrenal Gland/fold2_00001350.png,train
Adrenal Gland/fold2_00001351.png,train
Adrenal Gland/fold2_00001353.png,train
Adrenal Gland/fold2_00001354.png,train
Adrenal Gland/fold2_00001355.png,train
Adrenal Gland/fold2_00001356.png,train
Adrenal Gland/fold2_00001357.png,train
Adrenal Gland/fold2_00001358.png,train
Adrenal Gland/fold2_00001359.png,train
Adrenal Gland/fold2_00001360.png,train
Adrenal Gland/fold2_00001361.png,train
Adrenal Gland/fold2_00001362.png,train
Adrenal Gland/fold2_00001363.png,train
Adrenal Gland/fold2_00001364.png,train
Adrenal Gland/fold2_00001365.png,train
Adrenal Gland/fold2_00001366.png,train
Adrenal Gland/fold2_00001367.png,train
Adrenal Gland/fold2_00001368.png,train
Adrenal Gland/fold2_00001369.png,train
Adrenal Gland/fold2_00001370.png,train
Adrenal Gland/fold2_00001371.png,train
Adrenal Gland/fold2_00001372.png,train
Adrenal Gland/fold2_00001373.png,train
Adrenal Gland/fold2_00001374.png,train
Adrenal Gland/fold2_00001375.png,train
Adrenal Gland/fold2_00001376.png,train
Adrenal Gland/fold2_00001377.png,train
Adrenal Gland/fold2_00001378.png,train
Adrenal Gland/fold2_00001379.png,train
Adrenal Gland/fold2_00001380.png,train
Adrenal Gland/fold2_00001381.png,train
Adrenal Gland/fold2_00001382.png,train
Adrenal Gland/fold2_00001383.png,train
Adrenal Gland/fold2_00001384.png,train
Adrenal Gland/fold2_00001385.png,train
Adrenal Gland/fold2_00001386.png,train
Adrenal Gland/fold2_00001387.png,train
Adrenal Gland/fold2_00001388.png,train
Adrenal Gland/fold2_00001389.png,train
Adrenal Gland/fold2_00001390.png,train
Adrenal Gland/fold2_00001392.png,train
Adrenal Gland/fold2_00001393.png,train
Adrenal Gland/fold2_00001394.png,train
Adrenal Gland/fold2_00001395.png,train
Adrenal Gland/fold2_00001397.png,train
Adrenal Gland/fold2_00001398.png,train
Adrenal Gland/fold3_00001094.png,train
Adrenal Gland/fold3_00001095.png,train
Adrenal Gland/fold3_00001096.png,train
Adrenal Gland/fold3_00001097.png,train
Adrenal Gland/fold3_00001099.png,train
Adrenal Gland/fold3_00001100.png,train
Adrenal Gland/fold3_00001101.png,train
Adrenal Gland/fold3_00001102.png,train
Adrenal Gland/fold3_00001103.png,train
Adrenal Gland/fold3_00001104.png,train
Adrenal Gland/fold3_00001105.png,train
Adrenal Gland/fold3_00001107.png,train
Adrenal Gland/fold3_00001108.png,train
Adrenal Gland/fold3_00001109.png,train
Adrenal Gland/fold3_00001110.png,train
Adrenal Gland/fold3_00001111.png,train
Adrenal Gland/fold3_00001113.png,train
Adrenal Gland/fold3_00001114.png,train
Adrenal Gland/fold3_00001115.png,train
Adrenal Gland/fold3_00001116.png,train
Adrenal Gland/fold3_00001117.png,train
Adrenal Gland/fold3_00001118.png,train
Adrenal Gland/fold3_00001119.png,train
Adrenal Gland/fold3_00001121.png,train
Adrenal Gland/fold3_00001122.png,train
Adrenal Gland/fold3_00001123.png,train
Adrenal Gland/fold3_00001124.png,train
Adrenal Gland/fold3_00001125.png,train
Adrenal Gland/fold3_00001126.png,train
Adrenal Gland/fold3_00001128.png,train
Adrenal Gland/fold3_00001129.png,train
Adrenal Gland/fold3_00001130.png,train
Adrenal Gland/fold3_00001131.png,train
Adrenal Gland/fold3_00001133.png,train
Adrenal Gland/fold3_00001134.png,train
Adrenal Gland/fold3_00001135.png,train
Adrenal Gland/fold3_00001136.png,train
Adrenal Gland/fold3_00001137.png,train
Adrenal Gland/fold3_00001138.png,train
Adrenal Gland/fold3_00001139.png,train
Adrenal Gland/fold3_00001140.png,train
Adrenal Gland/fold3_00001141.png,train
Adrenal Gland/fold3_00001142.png,train
Adrenal Gland/fold3_00001144.png,train
Adrenal Gland/fold3_00001145.png,train
Adrenal Gland/fold3_00001146.png,train
Adrenal Gland/fold3_00001147.png,train
Adrenal Gland/fold3_00001186.png,train
Adrenal Gland/fold3_00001188.png,train
Adrenal Gland/fold3_00001189.png,train
Adrenal Gland/fold3_00001190.png,train
Adrenal Gland/fold3_00001191.png,train
Adrenal Gland/fold3_00001192.png,train
Adrenal Gland/fold3_00001193.png,train
Adrenal Gland/fold3_00001194.png,train
Adrenal Gland/fold3_00001195.png,train
Adrenal Gland/fold3_00001196.png,train
Adrenal Gland/fold3_00001197.png,train
Adrenal Gland/fold3_00001198.png,train
Adrenal Gland/fold3_00001199.png,train
Adrenal Gland/fold3_00001200.png,train
Adrenal Gland/fold3_00001201.png,train
Adrenal Gland/fold3_00001202.png,train
Adrenal Gland/fold3_00001203.png,train
Adrenal Gland/fold3_00001212.png,train
Adrenal Gland/fold3_00001213.png,train
Adrenal Gland/fold3_00001215.png,train
Adrenal Gland/fold3_00001218.png,train
Adrenal Gland/fold3_00001219.png,train
Adrenal Gland/fold3_00001220.png,train
Adrenal Gland/fold3_00001221.png,train
Adrenal Gland/fold3_00001222.png,train
Adrenal Gland/fold3_00001398.png,train
Adrenal Gland/fold3_00001399.png,train
Adrenal Gland/fold3_00001400.png,train
Adrenal Gland/fold3_00001401.png,train
Adrenal Gland/fold3_00001402.png,train
Adrenal Gland/fold3_00001403.png,train
Adrenal Gland/fold3_00001405.png,train
Adrenal Gland/fold3_00001406.png,train
Adrenal Gland/fold3_00001407.png,train
Adrenal Gland/fold3_00001408.png,train
Adrenal Gland/fold3_00001409.png,train
Adrenal Gland/fold3_00001410.png,train
Adrenal Gland/fold3_00001411.png,train
Adrenal Gland/fold3_00001412.png,train
Adrenal Gland/fold3_00001413.png,train
Adrenal Gland/fold3_00001414.png,train
Adrenal Gland/fold3_00001415.png,train
Adrenal Gland/fold3_00001416.png,train
Adrenal Gland/fold3_00001417.png,train
Adrenal Gland/fold3_00001418.png,train
Adrenal Gland/fold3_00001420.png,train
Adrenal Gland/fold3_00001422.png,train
Adrenal Gland/fold3_00001423.png,train
Adrenal Gland/fold3_00001424.png,train
Adrenal Gland/fold3_00001425.png,train
Adrenal Gland/fold3_00001426.png,train
Adrenal Gland/fold3_00001427.png,train
Adrenal Gland/fold3_00001428.png,train
Adrenal Gland/fold3_00001429.png,train
Adrenal Gland/fold3_00001430.png,train
Adrenal Gland/fold3_00001431.png,train
Adrenal Gland/fold3_00001432.png,train
Adrenal Gland/fold3_00001433.png,train
Adrenal Gland/fold3_00001434.png,train
Adrenal Gland/fold3_00001435.png,train
Adrenal Gland/fold3_00001436.png,train
Adrenal Gland/fold3_00001437.png,train
Adrenal Gland/fold3_00001438.png,train
Adrenal Gland/fold3_00001439.png,train
Adrenal Gland/fold3_00001440.png,train
Adrenal Gland/fold3_00001441.png,train
Adrenal Gland/fold3_00001442.png,train
Adrenal Gland/fold3_00001446.png,train
Adrenal Gland/fold3_00001447.png,train
Adrenal Gland/fold3_00001448.png,train
Adrenal Gland/fold3_00001449.png,train
Adrenal Gland/fold3_00001450.png,train
Adrenal Gland/fold3_00001451.png,train
Adrenal Gland/fold3_00001452.png,train
Adrenal Gland/fold3_00001453.png,train
Adrenal Gland/fold3_00001454.png,train
Adrenal Gland/fold3_00001456.png,train
Adrenal Gland/fold3_00001457.png,train
Adrenal Gland/fold3_00001458.png,train
Adrenal Gland/fold3_00001459.png,train
Adrenal Gland/fold3_00001460.png,train
Adrenal Gland/fold3_00001461.png,train
Adrenal Gland/fold3_00001462.png,train
Adrenal Gland/fold3_00001463.png,train
Adrenal Gland/fold3_00001465.png,train
Adrenal Gland/fold3_00001466.png,train
Adrenal Gland/fold3_00001467.png,train
Bile Duct/fold1_00001370.png,train
Bile Duct/fold1_00001371.png,train
Bile Duct/fold1_00001372.png,train
Bile Duct/fold1_00001373.png,train
Bile Duct/fold1_00001374.png,train
Bile Duct/fold1_00001375.png,train
Bile Duct/fold1_00001376.png,train
Bile Duct/fold1_00001377.png,train
Bile Duct/fold1_00001378.png,train
Bile Duct/fold1_00001379.png,train
Bile Duct/fold1_00001380.png,train
Bile Duct/fold1_00001381.png,train
Bile Duct/fold1_00001382.png,train
Bile Duct/fold1_00001383.png,train
Bile Duct/fold1_00001384.png,train
Bile Duct/fold1_00001385.png,train
Bile Duct/fold1_00001387.png,train
Bile Duct/fold1_00001388.png,train
Bile Duct/fold1_00001389.png,train
Bile Duct/fold1_00001390.png,train
Bile Duct/fold1_00001391.png,train
Bile Duct/fold1_00001392.png,train
Bile Duct/fold1_00001393.png,train
Bile Duct/fold1_00001394.png,train
Bile Duct/fold1_00001395.png,train
Bile Duct/fold1_00001396.png,train
Bile Duct/fold1_00001397.png,train
Bile Duct/fold1_00001399.png,train
Bile Duct/fold1_00001400.png,train
Bile Duct/fold1_00001401.png,train
Bile Duct/fold1_00001402.png,train
Bile Duct/fold1_00001404.png,train
Bile Duct/fold1_00001405.png,train
Bile Duct/fold1_00001407.png,train
Bile Duct/fold1_00001408.png,train
Bile Duct/fold1_00001409.png,train
Bile Duct/fold1_00001446.png,train
Bile Duct/fold1_00001447.png,train
Bile Duct/fold1_00001448.png,train
Bile Duct/fold1_00001449.png,train
Bile Duct/fold1_00001450.png,train
Bile Duct/fold1_00001451.png,train
Bile Duct/fold1_00001452.png,train
Bile Duct/fold1_00001453.png,train
Bile Duct/fold1_00001454.png,train
Bile Duct/fold1_00001455.png,train
Bile Duct/fold1_00001457.png,train
Bile Duct/fold1_00001458.png,train
Bile Duct/fold1_00001459.png,train
Bile Duct/fold1_00001460.png,train
Bile Duct/fold1_00001461.png,train
Bile Duct/fold1_00001462.png,train
Bile Duct/fold1_00001463.png,train
Bile Duct/fold1_00001464.png,train
Bile Duct/fold1_00001465.png,train
Bile Duct/fold1_00001466.png,train
Bile Duct/fold1_00001467.png,train
Bile Duct/fold1_00001468.png,train
Bile Duct/fold1_00001469.png,train
Bile Duct/fold1_00001470.png,train
Bile Duct/fold1_00001471.png,train
Bile Duct/fold1_00001472.png,train
Bile Duct/fold1_00001473.png,train
Bile Duct/fold1_00001474.png,train
Bile Duct/fold1_00001475.png,train
Bile Duct/fold1_00001476.png,train
Bile Duct/fold1_00001477.png,train
Bile Duct/fold1_00001575.png,train
Bile Duct/fold1_00001576.png,train
Bile Duct/fold1_00001577.png,train
Bile Duct/fold1_00001578.png,train
Bile Duct/fold1_00001579.png,train
Bile Duct/fold1_00001580.png,train
Bile Duct/fold1_00001581.png,train
Bile Duct/fold1_00001582.png,train
Bile Duct/fold1_00001583.png,train
Bile Duct/fold1_00001585.png,train
Bile Duct/fold1_00001586.png,train
Bile Duct/fold1_00001587.png,train
Bile Duct/fold1_00001589.png,train
Bile Duct/fold1_00001590.png,train
Bile Duct/fold1_00001591.png,train
Bile Duct/fold1_00001592.png,train
Bile Duct/fold1_00001593.png,train
Bile Duct/fold1_00001594.png,train
Bile Duct/fold1_00001595.png,train
Bile Duct/fold1_00001596.png,train
Bile Duct/fold1_00001597.png,train
Bile Duct/fold1_00001598.png,train
Bile Duct/fold1_00001599.png,train
Bile Duct/fold1_00001600.png,train
Bile Duct/fold1_00001601.png,train
Bile Duct/fold1_00001602.png,train
Bile Duct/fold1_00001603.png,train
Bile Duct/fold1_00001604.png,train
Bile Duct/fold1_00001605.png,train
Bile Duct/fold1_00001606.png,train
Bile Duct/fold1_00001607.png,train
Bile Duct/fold1_00001610.png,train
Bile Duct/fold1_00001611.png,train
Bile Duct/fold1_00001612.png,train
Bile Duct/fold1_00001614.png,train
Bile Duct/fold1_00001615.png,train
Bile Duct/fold1_00001616.png,train
Bile Duct/fold1_00001617.png,train
Bile Duct/fold1_00001619.png,train
Bile Duct/fold1_00001621.png,train
Bile Duct/fold1_00001622.png,train
Bile Duct/fold1_00001623.png,train
Bile Duct/fold1_00001624.png,train
Bile Duct/fold1_00001625.png,train
Bile Duct/fold1_00001627.png,train
Bile Duct/fold1_00001628.png,train
Bile Duct/fold1_00001629.png,train
Bile Duct/fold1_00001630.png,train
Bile Duct/fold1_00001631.png,train
Bile Duct/fold1_00001632.png,train
Bile Duct/fold1_00001633.png,train
Bile Duct/fold1_00001634.png,train
Bile Duct/fold1_00001635.png,train
Bile Duct/fold1_00001636.png,train
Bile Duct/fold1_00001640.png,train
Bile Duct/fold1_00001641.png,train
Bile Duct/fold1_00001642.png,train
Bile Duct/fold1_00001644.png,train
Bile Duct/fold1_00001645.png,train
Bile Duct/fold1_00001646.png,train
Bile Duct/fold1_00001647.png,train
Bile Duct/fold1_00001648.png,train
Bile Duct/fold1_00001650.png,train
Bile Duct/fold1_00001651.png,train
Bile Duct/fold1_00001652.png,train
Bile Duct/fold1_00001653.png,train
Bile Duct/fold1_00001654.png,train
Bile Duct/fold1_00001655.png,train
Bile Duct/fold1_00001656.png,train
Bile Duct/fold1_00001657.png,train
Bile Duct/fold1_00001658.png,train
Bile Duct/fold1_00001659.png,train
Bile Duct/fold2_00001194.png,train
Bile Duct/fold2_00001195.png,train
Bile Duct/fold2_00001197.png,train
Bile Duct/fold2_00001198.png,train
Bile Duct/fold2_00001199.png,train
Bile Duct/fold2_00001200.png,train
Bile Duct/fold2_00001202.png,train
Bile Duct/fold2_00001203.png,train
Bile Duct/fold2_00001204.png,train
Bile Duct/fold2_00001205.png,train
Bile Duct/fold2_00001206.png,train
Bile Duct/fold2_00001207.png,train
Bile Duct/fold2_00001208.png,train
Bile Duct/fold2_00001209.png,train
Bile Duct/fold2_00001210.png,train
Bile Duct/fold2_00001211.png,train
Bile Duct/fold2_00001212.png,train
Bile Duct/fold2_00001265.png,train
Bile Duct/fold2_00001266.png,train
Bile Duct/fold2_00001267.png,train
Bile Duct/fold2_00001269.png,train
Bile Duct/fold2_00001270.png,train
Bile Duct/fold2_00001271.png,train
Bile Duct/fold2_00001272.png,train
Bile Duct/fold2_00001274.png,train
Bile Duct/fold2_00001275.png,train
Bile Duct/fold2_00001277.png,train
Bile Duct/fold2_00001278.png,train
Bile Duct/fold2_00001279.png,train
Bile Duct/fold2_00001280.png,train
Bile Duct/fold2_00001282.png,train
Bile Duct/fold2_00001283.png,train
Bile Duct/fold2_00001284.png,train
Bile Duct/fold2_00001285.png,train
Bile Duct/fold2_00001286.png,train
Bile Duct/fold2_00001287.png,train
Bile Duct/fold2_00001288.png,train
Bile Duct/fold2_00001290.png,train
Bile Duct/fold2_00001291.png,train
Bile Duct/fold2_00001293.png,train
Bile Duct/fold2_00001294.png,train
Bile Duct/fold2_00001399.png,train
Bile Duct/fold2_00001400.png,train
Bile Duct/fold2_00001401.png,train
Bile Duct/fold2_00001402.png,train
Bile Duct/fold2_00001403.png,train
Bile Duct/fold2_00001404.png,train
Bile Duct/fold2_00001405.png,train
Bile Duct/fold2_00001406.png,train
Bile Duct/fold2_00001407.png,train
Bile Duct/fold2_00001408.png,train
Bile Duct/fold2_00001409.png,train
Bile Duct/fold2_00001410.png,train
Bile Duct/fold2_00001411.png,train
Bile Duct/fold2_00001412.png,train
Bile Duct/fold2_00001413.png,train
Bile Duct/fold2_00001414.png,train
Bile Duct/fold2_00001415.png,train
Bile Duct/fold2_00001416.png,train
Bile Duct/fold2_00001417.png,train
Bile Duct/fold2_00001418.png,train
Bile Duct/fold2_00001419.png,train
Bile Duct/fold2_00001420.png,train
Bile Duct/fold2_00001421.png,train
Bile Duct/fold2_00001422.png,train
Bile Duct/fold2_00001424.png,train
Bile Duct/fold2_00001426.png,train
Bile Duct/fold2_00001428.png,train
Bile Duct/fold2_00001429.png,train
Bile Duct/fold2_00001430.png,train
Bile Duct/fold2_00001431.png,train
Bile Duct/fold2_00001432.png,train
Bile Duct/fold2_00001433.png,train
Bile Duct/fold2_00001434.png,train
Bile Duct/fold2_00001435.png,train
Bile Duct/fold2_00001436.png,train
Bile Duct/fold2_00001437.png,train
Bile Duct/fold2_00001438.png,train
Bile Duct/fold2_00001439.png,train
Bile Duct/fold2_00001440.png,train
Bile Duct/fold2_00001441.png,train
Bile Duct/fold2_00001442.png,train
Bile Duct/fold2_00001443.png,train
Bile Duct/fold2_00001444.png,train
Bile Duct/fold2_00001445.png,train
Bile Duct/fold2_00001447.png,train
Bile Duct/fold2_00001448.png,train
Bile Duct/fold2_00001449.png,train
Bile Duct/fold2_00001450.png,train
Bile Duct/fold2_00001451.png,train
Bile Duct/fold2_00001452.png,train
Bile Duct/fold3_00001248.png,train
Bile Duct/fold3_00001249.png,train
Bile Duct/fold3_00001250.png,train
Bile Duct/fold3_00001251.png,train
Bile Duct/fold3_00001252.png,train
Bile Duct/fold3_00001253.png,train
Bile Duct/fold3_00001254.png,train
Bile Duct/fold3_00001255.png,train
Bile Duct/fold3_00001256.png,train
Bile Duct/fold3_00001257.png,train
Bile Duct/fold3_00001258.png,train
Bile Duct/fold3_00001260.png,train
Bile Duct/fold3_00001261.png,train
Bile Duct/fold3_00001262.png,train
Bile Duct/fold3_00001263.png,train
Bile Duct/fold3_00001264.png,train
Bile Duct/fold3_00001265.png,train
Bile Duct/fold3_00001266.png,train
Bile Duct/fold3_00001267.png,train
Bile Duct/fold3_00001268.png,train
Bile Duct/fold3_00001269.png,train
Bile Duct/fold3_00001270.png,train
Bile Duct/fold3_00001272.png,train
Bile Duct/fold3_00001273.png,train
Bile Duct/fold3_00001274.png,train
Bile Duct/fold3_00001275.png,train
Bile Duct/fold3_00001277.png,train
Bile Duct/fold3_00001278.png,train
Bile Duct/fold3_00001279.png,train
Bile Duct/fold3_00001280.png,train
Bile Duct/fold3_00001281.png,train
Bile Duct/fold3_00001282.png,train
Bile Duct/fold3_00001283.png,train
Bile Duct/fold3_00001284.png,train
Bile Duct/fold3_00001285.png,train
Bile Duct/fold3_00001315.png,train
Bile Duct/fold3_00001316.png,train
Bile Duct/fold3_00001317.png,train
Bile Duct/fold3_00001318.png,train
Bile Duct/fold3_00001319.png,train
Bile Duct/fold3_00001320.png,train
Bile Duct/fold3_00001321.png,train
Bile Duct/fold3_00001322.png,train
Bile Duct/fold3_00001323.png,train
Bile Duct/fold3_00001324.png,train
Bile Duct/fold3_00001325.png,train
Bile Duct/fold3_00001327.png,train
Bile Duct/fold3_00001328.png,train
Bile Duct/fold3_00001329.png,train
Bile Duct/fold3_00001330.png,train
Bile Duct/fold3_00001331.png,train
Bile Duct/fold3_00001332.png,train
Bile Duct/fold3_00001333.png,train
Bile Duct/fold3_00001334.png,train
Bile Duct/fold3_00001335.png,train
Bile Duct/fold3_00001336.png,train
Bile Duct/fold3_00001337.png,train
Bile Duct/fold3_00001338.png,train
Bile Duct/fold3_00001339.png,train
Bile Duct/fold3_00001341.png,train
Bile Duct/fold3_00001343.png,train
Bile Duct/fold3_00001345.png,train
Bile Duct/fold3_00001347.png,train
Bile Duct/fold3_00001348.png,train
Bile Duct/fold3_00001349.png,train
Bile Duct/fold3_00001469.png,train
Bile Duct/fold3_00001470.png,train
Bile Duct/fold3_00001471.png,train
Bile Duct/fold3_00001472.png,train
Bile Duct/fold3_00001473.png,train
Bile Duct/fold3_00001474.png,train
Bile Duct/fold3_00001475.png,train
Bile Duct/fold3_00001477.png,train
Bile Duct/fold3_00001478.png,train
Bile Duct/fold3_00001479.png,train
Bile Duct/fold3_00001480.png,train
Bile Duct/fold3_00001481.png,train
Bile Duct/fold3_00001484.png,train
Bile Duct/fold3_00001486.png,train
Bile Duct/fold3_00001487.png,train
Bile Duct/fold3_00001488.png,train
Bile Duct/fold3_00001489.png,train
Bile Duct/fold3_00001490.png,train
Bile Duct/fold3_00001491.png,train
Bile Duct/fold3_00001493.png,train
Bile Duct/fold3_00001494.png,train
Bile Duct/fold3_00001495.png,train
Bile Duct/fold3_00001496.png,train
Bile Duct/fold3_00001497.png,train
Bile Duct/fold3_00001498.png,train
Bile Duct/fold3_00001499.png,train
Bile Duct/fold3_00001501.png,train
Bile Duct/fold3_00001502.png,train
Bile Duct/fold3_00001503.png,train
Bile Duct/fold3_00001504.png,train
Bile Duct/fold3_00001505.png,train
Bile Duct/fold3_00001507.png,train
Bile Duct/fold3_00001508.png,train
Bile Duct/fold3_00001509.png,train
Bile Duct/fold3_00001510.png,train
Bile Duct/fold3_00001511.png,train
Bile Duct/fold3_00001512.png,train
Bile Duct/fold3_00001513.png,train
Bile Duct/fold3_00001514.png,train
Bile Duct/fold3_00001515.png,train
Bile Duct/fold3_00001516.png,train
Bile Duct/fold3_00001517.png,train
Bile Duct/fold3_00001518.png,train
Bile Duct/fold3_00001519.png,train
Bile Duct/fold3_00001520.png,train
Bile Duct/fold3_00001521.png,train
Bile Duct/fold3_00001522.png,train
Bile Duct/fold3_00001523.png,train
Bile Duct/fold3_00001524.png,train
Bile Duct/fold3_00001525.png,train
Bile Duct/fold3_00001527.png,train
Bile Duct/fold3_00001529.png,train
Bile Duct/fold3_00001531.png,train
Bile Duct/fold3_00001532.png,train
Bile Duct/fold3_00001533.png,train
Bile Duct/fold3_00001534.png,train
Bile Duct/fold3_00001535.png,train
Bile Duct/fold3_00001536.png,train
Bile Duct/fold3_00001537.png,train
Bile Duct/fold3_00001538.png,train
Bile Duct/fold3_00001539.png,train
Bile Duct/fold3_00001540.png,train
Bile Duct/fold3_00001541.png,train
Bile Duct/fold3_00001542.png,train
Bile Duct/fold3_00001543.png,train
Bile Duct/fold3_00001544.png,train
Bile Duct/fold3_00001546.png,train
Bile Duct/fold3_00001547.png,train
Bile Duct/fold3_00001548.png,train
Bile Duct/fold3_00001549.png,train
Bile Duct/fold3_00001550.png,train
Bile Duct/fold3_00001551.png,train
Bile Duct/fold3_00001552.png,train
Bladder/fold1_00001660.png,train
Bladder/fold1_00001661.png,train
Bladder/fold1_00001662.png,train
Bladder/fold1_00001663.png,train
Bladder/fold1_00001664.png,train
Bladder/fold1_00001665.png,train
Bladder/fold1_00001666.png,train
Bladder/fold1_00001667.png,train
Bladder/fold1_00001668.png,train
Bladder/fold1_00001669.png,train
Bladder/fold1_00001673.png,train
Bladder/fold1_00001675.png,train
Bladder/fold1_00001676.png,train
Bladder/fold1_00001677.png,train
Bladder/fold2_00000815.png,train
Bladder/fold2_00000818.png,train
Bladder/fold2_00000819.png,train
Bladder/fold2_00000824.png,train
Bladder/fold2_00000825.png,train
Bladder/fold2_00000827.png,train
Bladder/fold2_00000828.png,train
Bladder/fold2_00001453.png,train
Bladder/fold2_00001458.png,train
Bladder/fold2_00001460.png,train
Bladder/fold2_00001463.png,train
Bladder/fold2_00001464.png,train
Bladder/fold2_00001466.png,train
Bladder/fold2_00001467.png,train
Bladder/fold2_00001468.png,train
Bladder/fold2_00001469.png,train
Bladder/fold2_00001472.png,train
Bladder/fold2_00001473.png,train
Bladder/fold2_00001474.png,train
Bladder/fold2_00001475.png,train
Bladder/fold2_00001476.png,train
Bladder/fold2_00001479.png,train
Bladder/fold2_00001482.png,train
Bladder/fold2_00001483.png,train
Bladder/fold2_00001484.png,train
Bladder/fold2_00001487.png,train
Bladder/fold2_00001488.png,train
Bladder/fold2_00001491.png,train
Bladder/fold2_00001493.png,train
Bladder/fold2_00001494.png,train
Bladder/fold2_00001495.png,train
Bladder/fold2_00001496.png,train
Bladder/fold2_00001497.png,train
Bladder/fold2_00001499.png,train
Bladder/fold2_00001500.png,train
Bladder/fold2_00001501.png,train
Bladder/fold2_00001503.png,train
Bladder/fold3_00000852.png,train
Bladder/fold3_00000853.png,train
Bladder/fold3_00000860.png,train
Bladder/fold3_00000861.png,train
Bladder/fold3_00001553.png,train
Bladder/fold3_00001554.png,train
Bladder/fold3_00001555.png,train
Bladder/fold3_00001556.png,train
Bladder/fold3_00001558.png,train
Bladder/fold3_00001559.png,train
Bladder/fold3_00001560.png,train
Bladder/fold3_00001564.png,train
Bladder/fold3_00001566.png,train
Bladder/fold3_00001568.png,train
Bladder/fold3_00001569.png,train
Bladder/fold3_00001570.png,train
Bladder/fold3_00001571.png,train
Bladder/fold3_00001572.png,train
Bladder/fold3_00001576.png,train
Bladder/fold3_00001577.png,train
Bladder/fold3_00001579.png,train
Bladder/fold3_00001583.png,train
Bladder/fold3_00001584.png,train
Bladder/fold3_00001585.png,train
Bladder/fold3_00001586.png,train
Bladder/fold3_00001587.png,train
Bladder/fold3_00001588.png,train
Bladder/fold3_00001589.png,train
Bladder/fold3_00001590.png,train
Bladder/fold3_00001592.png,train
Bladder/fold3_00001593.png,train
Bladder/fold3_00001594.png,train
Bladder/fold3_00001596.png,train
Bladder/fold3_00001597.png,train
Bladder/fold3_00001598.png,train
Bladder/fold3_00001599.png,train
Bladder/fold3_00001600.png,train
Bladder/fold3_00001601.png,train
Bladder/fold3_00001604.png,train
Bladder/fold3_00001605.png,train
Bladder/fold3_00001607.png,train
Bladder/fold3_00001608.png,train
Breast/fold1_00000000.png,train
Breast/fold1_00000001.png,train
Breast/fold1_00000003.png,train
Breast/fold1_00000004.png,train
Breast/fold1_00000005.png,train
Breast/fold1_00000006.png,train
Breast/fold1_00000007.png,train
Breast/fold1_00000008.png,train
Breast/fold1_00000009.png,train
Breast/fold1_00000010.png,train
Breast/fold1_00000011.png,train
Breast/fold1_00000012.png,train
Breast/fold1_00000013.png,train
Breast/fold1_00000014.png,train
Breast/fold1_00000015.png,train
Breast/fold1_00000016.png,train
Breast/fold1_00000017.png,train
Breast/fold1_00000018.png,train
Breast/fold1_00000019.png,train
Breast/fold1_00000020.png,train
Breast/fold1_00000021.png,train
Breast/fold1_00000022.png,train
Breast/fold1_00000023.png,train
Breast/fold1_00000024.png,train
Breast/fold1_00000025.png,train
Breast/fold1_00000026.png,train
Breast/fold1_00000027.png,train
Breast/fold1_00000028.png,train
Breast/fold1_00000030.png,train
Breast/fold1_00000031.png,train
Breast/fold1_00000032.png,train
Breast/fold1_00000033.png,train
Breast/fold1_00000034.png,train
Breast/fold1_00000035.png,train
Breast/fold1_00000036.png,train
Breast/fold1_00000037.png,train
Breast/fold1_00000038.png,train
Breast/fold1_00000039.png,train
Breast/fold1_00000040.png,train
Breast/fold1_00000041.png,train
Breast/fold1_00000042.png,train
Breast/fold1_00000043.png,train
Breast/fold1_00000044.png,train
Breast/fold1_00000045.png,train
Breast/fold1_00000046.png,train
Breast/fold1_00000047.png,train
Breast/fold1_00000048.png,train
Breast/fold1_00000049.png,train
Breast/fold1_00000050.png,train
Breast/fold1_00000051.png,train
Breast/fold1_00000052.png,train
Breast/fold1_00000053.png,train
Breast/fold1_00000054.png,train
Breast/fold1_00000055.png,train
Breast/fold1_00000056.png,train
Breast/fold1_00000057.png,train
Breast/fold1_00000058.png,train
Breast/fold1_00000059.png,train
Breast/fold1_00000060.png,train
Breast/fold1_00000061.png,train
Breast/fold1_00000062.png,train
Breast/fold1_00000063.png,train
Breast/fold1_00000064.png,train
Breast/fold1_00000065.png,train
Breast/fold1_00000066.png,train
Breast/fold1_00000067.png,train
Breast/fold1_00000068.png,train
Breast/fold1_00000069.png,train
Breast/fold1_00000070.png,train
Breast/fold1_00000071.png,train
Breast/fold1_00000072.png,train
Breast/fold1_00000073.png,train
Breast/fold1_00000074.png,train
Breast/fold1_00000075.png,train
Breast/fold1_00000076.png,train
Breast/fold1_00000077.png,train
Breast/fold1_00000078.png,train
Breast/fold1_00000080.png,train
Breast/fold1_00000081.png,train
Breast/fold1_00000082.png,train
Breast/fold1_00000083.png,train
Breast/fold1_00000084.png,train
Breast/fold1_00000085.png,train
Breast/fold1_00000087.png,train
Breast/fold1_00000088.png,train
Breast/fold1_00000089.png,train
Breast/fold1_00000090.png,train
Breast/fold1_00000091.png,train
Breast/fold1_00000092.png,train
Breast/fold1_00000093.png,train
Breast/fold1_00000094.png,train
Breast/fold1_00000095.png,train
Breast/fold1_00000096.png,train
Breast/fold1_00000097.png,train
Breast/fold1_00000098.png,train
Breast/fold1_00000099.png,train
Breast/fold1_00000100.png,train
Breast/fold1_00000101.png,train
Breast/fold1_00000102.png,train
Breast/fold1_00000103.png,train
Breast/fold1_00000104.png,train
Breast/fold1_00000105.png,train
Breast/fold1_00000106.png,train
Breast/fold1_00000107.png,train
Breast/fold1_00000108.png,train
Breast/fold1_00000109.png,train
Breast/fold1_00000110.png,train
Breast/fold1_00000111.png,train
Breast/fold1_00000112.png,train
Breast/fold1_00000113.png,train
Breast/fold1_00000114.png,train
Breast/fold1_00000115.png,train
Breast/fold1_00000116.png,train
Breast/fold1_00000117.png,train
Breast/fold1_00000118.png,train
Breast/fold1_00000119.png,train
Breast/fold1_00000120.png,train
Breast/fold1_00000121.png,train
Breast/fold1_00000122.png,train
Breast/fold1_00000123.png,train
Breast/fold1_00000124.png,train
Breast/fold1_00000125.png,train
Breast/fold1_00000126.png,train
Breast/fold1_00000127.png,train
Breast/fold1_00000128.png,train
Breast/fold1_00000129.png,train
Breast/fold1_00000130.png,train
Breast/fold1_00000131.png,train
Breast/fold1_00000132.png,train
Breast/fold1_00000133.png,train
Breast/fold1_00000134.png,train
Breast/fold1_00000135.png,train
Breast/fold1_00000136.png,train
Breast/fold1_00000137.png,train
Breast/fold1_00000138.png,train
Breast/fold1_00000139.png,train
Breast/fold1_00000140.png,train
Breast/fold1_00000141.png,train
Breast/fold1_00000142.png,train
Breast/fold1_00000143.png,train
Breast/fold1_00000144.png,train
Breast/fold1_00000145.png,train
Breast/fold1_00000146.png,train
Breast/fold1_00000147.png,train
Breast/fold1_00000148.png,train
Breast/fold1_00000149.png,train
Breast/fold1_00000150.png,train
Breast/fold1_00000151.png,train
Breast/fold1_00000152.png,train
Breast/fold1_00000153.png,train
Breast/fold1_00000154.png,train
Breast/fold1_00000155.png,train
Breast/fold1_00000156.png,train
Breast/fold1_00000157.png,train
Breast/fold1_00000158.png,train
Breast/fold1_00000159.png,train
Breast/fold1_00000160.png,train
Breast/fold1_00000161.png,train
Breast/fold1_00000162.png,train
Breast/fold1_00000163.png,train
Breast/fold1_00000164.png,train
Breast/fold1_00000165.png,train
Breast/fold1_00000166.png,train
Breast/fold1_00000167.png,train
Breast/fold1_00000168.png,train
Breast/fold1_00000169.png,train
Breast/fold1_00000170.png,train
Breast/fold1_00000171.png,train
Breast/fold1_00000172.png,train
Breast/fold1_00000173.png,train
Breast/fold1_00000174.png,train
Breast/fold1_00000175.png,train
Breast/fold1_00000176.png,train
Breast/fold1_00000177.png,train
Breast/fold1_00000178.png,train
Breast/fold1_00000179.png,train
Breast/fold1_00000180.png,train
Breast/fold1_00000181.png,train
Breast/fold1_00000182.png,train
Breast/fold1_00000183.png,train
Breast/fold1_00000184.png,train
Breast/fold1_00000185.png,train
Breast/fold1_00000186.png,train
Breast/fold1_00000187.png,train
Breast/fold1_00000188.png,train
Breast/fold1_00000189.png,train
Breast/fold1_00000190.png,train
Breast/fold1_00000191.png,train
Breast/fold1_00000192.png,train
Breast/fold1_00000193.png,train
Breast/fold1_00000194.png,train
Breast/fold1_00000195.png,train
Breast/fold1_00000196.png,train
Breast/fold1_00000197.png,train
Breast/fold1_00000198.png,train
Breast/fold1_00000199.png,train
Breast/fold1_00000200.png,train
Breast/fold1_00000201.png,train
Breast/fold1_00000202.png,train
Breast/fold1_00000203.png,train
Breast/fold1_00000204.png,train
Breast/fold1_00000205.png,train
Breast/fold1_00000206.png,train
Breast/fold1_00000207.png,train
Breast/fold1_00000208.png,train
Breast/fold1_00000209.png,train
Breast/fold1_00000210.png,train
Breast/fold1_00000211.png,train
Breast/fold1_00000212.png,train
Breast/fold1_00000213.png,train
Breast/fold1_00000214.png,train
Breast/fold1_00000215.png,train
Breast/fold1_00000216.png,train
Breast/fold1_00000217.png,train
Breast/fold1_00000218.png,train
Breast/fold1_00000219.png,train
Breast/fold1_00000220.png,train
Breast/fold1_00000221.png,train
Breast/fold1_00000222.png,train
Breast/fold1_00000223.png,train
Breast/fold1_00000224.png,train
Breast/fold1_00000225.png,train
Breast/fold1_00000226.png,train
Breast/fold1_00000227.png,train
Breast/fold1_00000228.png,train
Breast/fold1_00000229.png,train
Breast/fold1_00000230.png,train
Breast/fold1_00000231.png,train
Breast/fold1_00000232.png,train
Breast/fold1_00000233.png,train
Breast/fold1_00000234.png,train
Breast/fold1_00000235.png,train
Breast/fold1_00000236.png,train
Breast/fold1_00000238.png,train
Breast/fold1_00000239.png,train
Breast/fold1_00000240.png,train
Breast/fold1_00000242.png,train
Breast/fold1_00000243.png,train
Breast/fold1_00000244.png,train
Breast/fold1_00000245.png,train
Breast/fold1_00000246.png,train
Breast/fold1_00000247.png,train
Breast/fold1_00000248.png,train
Breast/fold1_00000249.png,train
Breast/fold1_00000250.png,train
Breast/fold1_00000251.png,train
Breast/fold1_00000252.png,train
Breast/fold1_00000253.png,train
Breast/fold1_00000254.png,train
Breast/fold1_00000255.png,train
Breast/fold1_00000256.png,train
Breast/fold1_00000257.png,train
Breast/fold1_00000258.png,train
Breast/fold1_00000259.png,train
Breast/fold1_00000260.png,train
Breast/fold1_00000261.png,train
Breast/fold1_00000263.png,train
Breast/fold1_00000264.png,train
Breast/fold1_00000265.png,train
Breast/fold1_00000266.png,train
Breast/fold1_00000267.png,train
Breast/fold1_00000268.png,train
Breast/fold1_00000269.png,train
Breast/fold1_00000270.png,train
Breast/fold1_00000271.png,train
Breast/fold1_00000272.png,train
Breast/fold1_00000273.png,train
Breast/fold1_00000274.png,train
Breast/fold1_00000275.png,train
Breast/fold1_00000276.png,train
Breast/fold1_00000277.png,train
Breast/fold1_00000278.png,train
Breast/fold1_00000279.png,train
Breast/fold1_00000280.png,train
Breast/fold1_00000281.png,train
Breast/fold1_00000282.png,train
Breast/fold1_00000284.png,train
Breast/fold1_00000285.png,train
Breast/fold1_00000286.png,train
Breast/fold1_00000287.png,train
Breast/fold1_00000288.png,train
Breast/fold1_00000289.png,train
Breast/fold1_00000291.png,train
Breast/fold1_00000292.png,train
Breast/fold1_00000293.png,train
Breast/fold1_00000294.png,train
Breast/fold1_00000295.png,train
Breast/fold1_00000296.png,train
Breast/fold1_00000297.png,train
Breast/fold1_00000298.png,train
Breast/fold1_00000299.png,train
Breast/fold1_00000300.png,train
Breast/fold1_00000301.png,train
Breast/fold1_00000302.png,train
Breast/fold1_00000303.png,train
Breast/fold1_00000304.png,train
Breast/fold1_00000305.png,train
Breast/fold1_00000306.png,train
Breast/fold1_00000307.png,train
Breast/fold1_00000308.png,train
Breast/fold1_00000309.png,train
Breast/fold1_00000310.png,train
Breast/fold1_00000311.png,train
Breast/fold1_00000312.png,train
Breast/fold1_00000313.png,train
Breast/fold1_00000314.png,train
Breast/fold1_00000315.png,train
Breast/fold1_00000316.png,train
Breast/fold1_00000317.png,train
Breast/fold1_00000318.png,train
Breast/fold1_00000319.png,train
Breast/fold1_00000320.png,train
Breast/fold1_00000321.png,train
Breast/fold1_00000323.png,train
Breast/fold1_00000324.png,train
Breast/fold1_00000325.png,train
Breast/fold1_00000326.png,train
Breast/fold1_00000327.png,train
Breast/fold1_00000328.png,train
Breast/fold1_00000329.png,train
Breast/fold1_00000330.png,train
Breast/fold1_00000331.png,train
Breast/fold1_00000332.png,train
Breast/fold1_00000333.png,train
Breast/fold1_00000334.png,train
Breast/fold1_00000335.png,train
Breast/fold1_00000336.png,train
Breast/fold1_00000337.png,train
Breast/fold1_00000338.png,train
Breast/fold1_00000339.png,train
Breast/fold1_00000340.png,train
Breast/fold1_00000341.png,train
Breast/fold1_00000342.png,train
Breast/fold1_00000343.png,train
Breast/fold1_00000344.png,train
Breast/fold1_00000345.png,train
Breast/fold1_00000346.png,train
Breast/fold1_00000347.png,train
Breast/fold1_00000348.png,train
Breast/fold1_00000349.png,train
Breast/fold1_00000351.png,train
Breast/fold1_00000352.png,train
Breast/fold1_00000353.png,train
Breast/fold1_00000354.png,train
Breast/fold1_00000355.png,train
Breast/fold1_00000356.png,train
Breast/fold1_00000357.png,train
Breast/fold1_00000358.png,train
Breast/fold1_00000359.png,train
Breast/fold1_00000360.png,train
Breast/fold1_00000361.png,train
Breast/fold1_00000362.png,train
Breast/fold1_00000363.png,train
Breast/fold1_00000364.png,train
Breast/fold1_00000365.png,train
Breast/fold1_00000366.png,train
Breast/fold1_00000367.png,train
Breast/fold1_00000368.png,train
Breast/fold1_00000369.png,train
Breast/fold1_00000370.png,train
Breast/fold1_00000371.png,train
Breast/fold1_00000372.png,train
Breast/fold1_00000373.png,train
Breast/fold1_00000374.png,train
Breast/fold1_00000375.png,train
Breast/fold1_00000376.png,train
Breast/fold1_00000377.png,train
Breast/fold1_00000378.png,train
Breast/fold1_00000379.png,train
Breast/fold1_00000380.png,train
Breast/fold1_00000381.png,train
Breast/fold1_00000382.png,train
Breast/fold1_00000383.png,train
Breast/fold1_00000384.png,train
Breast/fold1_00000385.png,train
Breast/fold1_00000386.png,train
Breast/fold1_00000387.png,train
Breast/fold1_00000388.png,train
Breast/fold1_00000389.png,train
Breast/fold1_00000390.png,train
Breast/fold1_00000391.png,train
Breast/fold1_00000392.png,train
Breast/fold1_00000393.png,train
Breast/fold1_00000394.png,train
Breast/fold1_00000395.png,train
Breast/fold1_00000396.png,train
Breast/fold1_00000397.png,train
Breast/fold1_00000398.png,train
Breast/fold1_00000399.png,train
Breast/fold1_00000400.png,train
Breast/fold1_00000401.png,train
Breast/fold1_00000402.png,train
Breast/fold1_00000403.png,train
Breast/fold1_00000404.png,train
Breast/fold1_00000405.png,train
Breast/fold1_00000406.png,train
Breast/fold1_00000407.png,train
Breast/fold1_00000408.png,train
Breast/fold1_00000409.png,train
Breast/fold1_00000410.png,train
Breast/fold1_00000411.png,train
Breast/fold1_00000412.png,train
Breast/fold1_00000413.png,train
Breast/fold1_00000414.png,train
Breast/fold1_00000415.png,train
Breast/fold1_00000416.png,train
Breast/fold1_00000417.png,train
Breast/fold1_00000418.png,train
Breast/fold1_00000419.png,train
Breast/fold1_00000420.png,train
Breast/fold1_00000421.png,train
Breast/fold1_00000422.png,train
Breast/fold1_00000423.png,train
Breast/fold1_00000424.png,train
Breast/fold1_00000425.png,train
Breast/fold1_00000426.png,train
Breast/fold1_00000427.png,train
Breast/fold1_00000428.png,train
Breast/fold1_00000429.png,train
Breast/fold1_00000430.png,train
Breast/fold1_00000431.png,train
Breast/fold1_00000432.png,train
Breast/fold1_00000433.png,train
Breast/fold1_00000434.png,train
Breast/fold1_00000435.png,train
Breast/fold1_00000436.png,train
Breast/fold1_00000437.png,train
Breast/fold1_00000438.png,train
Breast/fold1_00000439.png,train
Breast/fold1_00000440.png,train
Breast/fold1_00000441.png,train
Breast/fold1_00000442.png,train
Breast/fold1_00000443.png,train
Breast/fold1_00000444.png,train
Breast/fold1_00000445.png,train
Breast/fold1_00000446.png,train
Breast/fold1_00000447.png,train
Breast/fold1_00000448.png,train
Breast/fold1_00000449.png,train
Breast/fold1_00000450.png,train
Breast/fold1_00000451.png,train
Breast/fold1_00000452.png,train
Breast/fold1_00000453.png,train
Breast/fold1_00000454.png,train
Breast/fold1_00000455.png,train
Breast/fold1_00000456.png,train
Breast/fold1_00000457.png,train
Breast/fold1_00000459.png,train
Breast/fold1_00000460.png,train
Breast/fold1_00000461.png,train
Breast/fold1_00000462.png,train
Breast/fold1_00000463.png,train
Breast/fold1_00000464.png,train
Breast/fold1_00000465.png,train
Breast/fold1_00000466.png,train
Breast/fold1_00000467.png,train
Breast/fold1_00000468.png,train
Breast/fold1_00000469.png,train
Breast/fold1_00000470.png,train
Breast/fold1_00000471.png,train
Breast/fold1_00000472.png,train
Breast/fold1_00000473.png,train
Breast/fold1_00000474.png,train
Breast/fold1_00000475.png,train
Breast/fold1_00000476.png,train
Breast/fold1_00000477.png,train
Breast/fold1_00000478.png,train
Breast/fold1_00000479.png,train
Breast/fold1_00000480.png,train
Breast/fold1_00000481.png,train
Breast/fold1_00000482.png,train
Breast/fold1_00000483.png,train
Breast/fold1_00000484.png,train
Breast/fold1_00000485.png,train
Breast/fold1_00000486.png,train
Breast/fold1_00000487.png,train
Breast/fold1_00000488.png,train
Breast/fold1_00000489.png,train
Breast/fold1_00000490.png,train
Breast/fold1_00000491.png,train
Breast/fold1_00000492.png,train
Breast/fold1_00000493.png,train
Breast/fold1_00000494.png,train
Breast/fold1_00000496.png,train
Breast/fold1_00000497.png,train
Breast/fold1_00000498.png,train
Breast/fold1_00000499.png,train
Breast/fold1_00000500.png,train
Breast/fold1_00000501.png,train
Breast/fold1_00000502.png,train
Breast/fold1_00000503.png,train
Breast/fold1_00000504.png,train
Breast/fold1_00000505.png,train
Breast/fold1_00000506.png,train
Breast/fold1_00000507.png,train
Breast/fold1_00000508.png,train
Breast/fold1_00000509.png,train
Breast/fold1_00000510.png,train
Breast/fold1_00000511.png,train
Breast/fold1_00000512.png,train
Breast/fold1_00000513.png,train
Breast/fold1_00000514.png,train
Breast/fold1_00000516.png,train
Breast/fold1_00000517.png,train
Breast/fold1_00000518.png,train
Breast/fold1_00000519.png,train
Breast/fold1_00000520.png,train
Breast/fold1_00000521.png,train
Breast/fold1_00000522.png,train
Breast/fold1_00000523.png,train
Breast/fold1_00000524.png,train
Breast/fold1_00000526.png,train
Breast/fold1_00000527.png,train
Breast/fold1_00000528.png,train
Breast/fold1_00000529.png,train
Breast/fold1_00000530.png,train
Breast/fold1_00000531.png,train
Breast/fold1_00000532.png,train
Breast/fold1_00000533.png,train
Breast/fold1_00000534.png,train
Breast/fold1_00000535.png,train
Breast/fold1_00000536.png,train
Breast/fold1_00000537.png,train
Breast/fold1_00000538.png,train
Breast/fold1_00000539.png,train
Breast/fold1_00000540.png,train
Breast/fold1_00000541.png,train
Breast/fold1_00000542.png,train
Breast/fold1_00000543.png,train
Breast/fold1_00000544.png,train
Breast/fold1_00000545.png,train
Breast/fold1_00000546.png,train
Breast/fold1_00000547.png,train
Breast/fold1_00000548.png,train
Breast/fold1_00000549.png,train
Breast/fold1_00000550.png,train
Breast/fold1_00000551.png,train
Breast/fold1_00000552.png,train
Breast/fold1_00000553.png,train
Breast/fold1_00000554.png,train
Breast/fold1_00000555.png,train
Breast/fold1_00000556.png,train
Breast/fold1_00000557.png,train
Breast/fold1_00000558.png,train
Breast/fold1_00000559.png,train
Breast/fold1_00000560.png,train
Breast/fold1_00000561.png,train
Breast/fold1_00000562.png,train
Breast/fold1_00000563.png,train
Breast/fold1_00000564.png,train
Breast/fold1_00000565.png,train
Breast/fold1_00000566.png,train
Breast/fold1_00000567.png,train
Breast/fold1_00000568.png,train
Breast/fold1_00000569.png,train
Breast/fold1_00000570.png,train
Breast/fold1_00000571.png,train
Breast/fold1_00000572.png,train
Breast/fold1_00000573.png,train
Breast/fold1_00000574.png,train
Breast/fold1_00000575.png,train
Breast/fold1_00000576.png,train
Breast/fold1_00000577.png,train
Breast/fold1_00000578.png,train
Breast/fold1_00000579.png,train
Breast/fold1_00000580.png,train
Breast/fold1_00000581.png,train
Breast/fold1_00000582.png,train
Breast/fold1_00000583.png,train
Breast/fold1_00000584.png,train
Breast/fold1_00000585.png,train
Breast/fold1_00000586.png,train
Breast/fold1_00000587.png,train
Breast/fold1_00000588.png,train
Breast/fold1_00000589.png,train
Breast/fold1_00000590.png,train
Breast/fold1_00000591.png,train
Breast/fold1_00000592.png,train
Breast/fold1_00000593.png,train
Breast/fold1_00000594.png,train
Breast/fold1_00000595.png,train
Breast/fold1_00000596.png,train
Breast/fold1_00000597.png,train
Breast/fold1_00000598.png,train
Breast/fold1_00000599.png,train
Breast/fold1_00000600.png,train
Breast/fold1_00000601.png,train
Breast/fold1_00000602.png,train
Breast/fold1_00000603.png,train
Breast/fold1_00000604.png,train
Breast/fold1_00000605.png,train
Breast/fold1_00000606.png,train
Breast/fold1_00000607.png,train
Breast/fold1_00000608.png,train
Breast/fold1_00000609.png,train
Breast/fold1_00000610.png,train
Breast/fold1_00000611.png,train
Breast/fold1_00000612.png,train
Breast/fold1_00000613.png,train
Breast/fold1_00000614.png,train
Breast/fold1_00000615.png,train
Breast/fold1_00000616.png,train
Breast/fold1_00000617.png,train
Breast/fold1_00000618.png,train
Breast/fold1_00000619.png,train
Breast/fold1_00000620.png,train
Breast/fold1_00000621.png,train
Breast/fold1_00000622.png,train
Breast/fold1_00000623.png,train
Breast/fold1_00000624.png,train
Breast/fold1_00000625.png,train
Breast/fold1_00000627.png,train
Breast/fold1_00000628.png,train
Breast/fold1_00000629.png,train
Breast/fold1_00000630.png,train
Breast/fold1_00000631.png,train
Breast/fold1_00000632.png,train
Breast/fold1_00000633.png,train
Breast/fold1_00000634.png,train
Breast/fold1_00000635.png,train
Breast/fold1_00000636.png,train
Breast/fold1_00000637.png,train
Breast/fold1_00000638.png,train
Breast/fold1_00000639.png,train
Breast/fold1_00000640.png,train
Breast/fold1_00000641.png,train
Breast/fold1_00000642.png,train
Breast/fold1_00000643.png,train
Breast/fold1_00000644.png,train
Breast/fold1_00000645.png,train
Breast/fold1_00000646.png,train
Breast/fold1_00000647.png,train
Breast/fold1_00000648.png,train
Breast/fold1_00000649.png,train
Breast/fold1_00000650.png,train
Breast/fold1_00000651.png,train
Breast/fold1_00000652.png,train
Breast/fold1_00000653.png,train
Breast/fold1_00000654.png,train
Breast/fold1_00000655.png,train
Breast/fold1_00000656.png,train
Breast/fold1_00000657.png,train
Breast/fold1_00000658.png,train
Breast/fold1_00000659.png,train
Breast/fold1_00000660.png,train
Breast/fold1_00000662.png,train
Breast/fold1_00000663.png,train
Breast/fold1_00000664.png,train
Breast/fold1_00000665.png,train
Breast/fold1_00000666.png,train
Breast/fold1_00000667.png,train
Breast/fold1_00000668.png,train
Breast/fold1_00000669.png,train
Breast/fold1_00000670.png,train
Breast/fold1_00000671.png,train
Breast/fold1_00000672.png,train
Breast/fold1_00000673.png,train
Breast/fold1_00000674.png,train
Breast/fold1_00000675.png,train
Breast/fold1_00000677.png,train
Breast/fold1_00000678.png,train
Breast/fold1_00000679.png,train
Breast/fold1_00000680.png,train
Breast/fold1_00000681.png,train
Breast/fold1_00000682.png,train
Breast/fold1_00000683.png,train
Breast/fold1_00000684.png,train
Breast/fold1_00000685.png,train
Breast/fold1_00000686.png,train
Breast/fold1_00000687.png,train
Breast/fold1_00000688.png,train
Breast/fold1_00000689.png,train
Breast/fold1_00000690.png,train
Breast/fold1_00000691.png,train
Breast/fold1_00000692.png,train
Breast/fold1_00000693.png,train
Breast/fold1_00000694.png,train
Breast/fold1_00000695.png,train
Breast/fold1_00000696.png,train
Breast/fold1_00000697.png,train
Breast/fold1_00000698.png,train
Breast/fold1_00000699.png,train
Breast/fold1_00000700.png,train
Breast/fold1_00000701.png,train
Breast/fold1_00000702.png,train
Breast/fold1_00000703.png,train
Breast/fold1_00000704.png,train
Breast/fold1_00000705.png,train
Breast/fold1_00000706.png,train
Breast/fold1_00000707.png,train
Breast/fold1_00000708.png,train
Breast/fold1_00000709.png,train
Breast/fold1_00000710.png,train
Breast/fold1_00000711.png,train
Breast/fold1_00000712.png,train
Breast/fold1_00000713.png,train
Breast/fold1_00000714.png,train
Breast/fold1_00000715.png,train
Breast/fold1_00000716.png,train
Breast/fold1_00000717.png,train
Breast/fold1_00000718.png,train
Breast/fold1_00000719.png,train
Breast/fold1_00000720.png,train
Breast/fold1_00000721.png,train
Breast/fold1_00000722.png,train
Breast/fold1_00000723.png,train
Breast/fold1_00000724.png,train
Breast/fold1_00000725.png,train
Breast/fold1_00000726.png,train
Breast/fold1_00000727.png,train
Breast/fold1_00000728.png,train
Breast/fold1_00000729.png,train
Breast/fold1_00000730.png,train
Breast/fold1_00000731.png,train
Breast/fold1_00000732.png,train
Breast/fold1_00000733.png,train
Breast/fold1_00000734.png,train
Breast/fold1_00000735.png,train
Breast/fold1_00000736.png,train
Breast/fold1_00000737.png,train
Breast/fold1_00000897.png,train
Breast/fold1_00000898.png,train
Breast/fold1_00000899.png,train
Breast/fold1_00000900.png,train
Breast/fold1_00000901.png,train
Breast/fold1_00000902.png,train
Breast/fold1_00000903.png,train
Breast/fold1_00000904.png,train
Breast/fold1_00000905.png,train
Breast/fold1_00000906.png,train
Breast/fold1_00000907.png,train
Breast/fold1_00000908.png,train
Breast/fold1_00000924.png,train
Breast/fold1_00000925.png,train
Breast/fold1_00000926.png,train
Breast/fold1_00000927.png,train
Breast/fold1_00000928.png,train
Breast/fold1_00000929.png,train
Breast/fold1_00000930.png,train
Breast/fold1_00000931.png,train
Breast/fold1_00001679.png,train
Breast/fold1_00001680.png,train
Breast/fold1_00001681.png,train
Breast/fold1_00001682.png,train
Breast/fold1_00001683.png,train
Breast/fold1_00001684.png,train
Breast/fold1_00001685.png,train
Breast/fold1_00001686.png,train
Breast/fold1_00001687.png,train
Breast/fold1_00001688.png,train
Breast/fold1_00001689.png,train
Breast/fold1_00001690.png,train
Breast/fold1_00001691.png,train
Breast/fold1_00001692.png,train
Breast/fold1_00001693.png,train
Breast/fold1_00001694.png,train
Breast/fold1_00001695.png,train
Breast/fold1_00001696.png,train
Breast/fold1_00001697.png,train
Breast/fold1_00001698.png,train
Breast/fold1_00001699.png,train
Breast/fold1_00001700.png,train
Breast/fold1_00001701.png,train
Breast/fold1_00001702.png,train
Breast/fold1_00001703.png,train
Breast/fold1_00001704.png,train
Breast/fold1_00001705.png,train
Breast/fold1_00001706.png,train
Breast/fold1_00001707.png,train
Breast/fold1_00001708.png,train
Breast/fold1_00001709.png,train
Breast/fold1_00001710.png,train
Breast/fold1_00001711.png,train
Breast/fold1_00001712.png,train
Breast/fold1_00001713.png,train
Breast/fold1_00001714.png,train
Breast/fold1_00001715.png,train
Breast/fold1_00001716.png,train
Breast/fold1_00001717.png,train
Breast/fold1_00001718.png,train
Breast/fold1_00001719.png,train
Breast/fold1_00001720.png,train
Breast/fold1_00001721.png,train
Breast/fold1_00001722.png,train
Breast/fold1_00001723.png,train
Breast/fold1_00001724.png,train
Breast/fold1_00001725.png,train
Breast/fold1_00001726.png,train
Breast/fold1_00001727.png,train
Breast/fold1_00001728.png,train
Breast/fold1_00001729.png,train
Breast/fold1_00001730.png,train
Breast/fold1_00001731.png,train
Breast/fold1_00001732.png,train
Breast/fold1_00001733.png,train
Breast/fold1_00001734.png,train
Breast/fold1_00001736.png,train
Breast/fold1_00001737.png,train
Breast/fold1_00001738.png,train
Breast/fold1_00001739.png,train
Breast/fold1_00001740.png,train
Breast/fold1_00001741.png,train
Breast/fold1_00001742.png,train
Breast/fold1_00001743.png,train
Breast/fold1_00001745.png,train
Breast/fold1_00001746.png,train
Breast/fold1_00001747.png,train
Breast/fold2_00000000.png,train
Breast/fold2_00000001.png,train
Breast/fold2_00000002.png,train
Breast/fold2_00000003.png,train
Breast/fold2_00000004.png,train
Breast/fold2_00000005.png,train
Breast/fold2_00000006.png,train
Breast/fold2_00000007.png,train
Breast/fold2_00000008.png,train
Breast/fold2_00000009.png,train
Breast/fold2_00000010.png,train
Breast/fold2_00000011.png,train
Breast/fold2_00000012.png,train
Breast/fold2_00000013.png,train
Breast/fold2_00000014.png,train
Breast/fold2_00000015.png,train
Breast/fold2_00000016.png,train
Breast/fold2_00000017.png,train
Breast/fold2_00000018.png,train
Breast/fold2_00000019.png,train
Breast/fold2_00000020.png,train
Breast/fold2_00000021.png,train
Breast/fold2_00000022.png,train
Breast/fold2_00000023.png,train
Breast/fold2_00000024.png,train
Breast/fold2_00000025.png,train
Breast/fold2_00000026.png,train
Breast/fold2_00000027.png,train
Breast/fold2_00000028.png,train
Breast/fold2_00000029.png,train
Breast/fold2_00000030.png,train
Breast/fold2_00000031.png,train
Breast/fold2_00000032.png,train
Breast/fold2_00000033.png,train
Breast/fold2_00000034.png,train
Breast/fold2_00000035.png,train
Breast/fold2_00000036.png,train
Breast/fold2_00000037.png,train
Breast/fold2_00000038.png,train
Breast/fold2_00000039.png,train
Breast/fold2_00000041.png,train
Breast/fold2_00000042.png,train
Breast/fold2_00000043.png,train
Breast/fold2_00000044.png,train
Breast/fold2_00000045.png,train
Breast/fold2_00000046.png,train
Breast/fold2_00000047.png,train
Breast/fold2_00000048.png,train
Breast/fold2_00000049.png,train
Breast/fold2_00000050.png,train
Breast/fold2_00000051.png,train
Breast/fold2_00000052.png,train
Breast/fold2_00000053.png,train
Breast/fold2_00000054.png,train
Breast/fold2_00000055.png,train
Breast/fold2_00000056.png,train
Breast/fold2_00000057.png,train
Breast/fold2_00000058.png,train
Breast/fold2_00000059.png,train
Breast/fold2_00000060.png,train
Breast/fold2_00000061.png,train
Breast/fold2_00000062.png,train
Breast/fold2_00000063.png,train
Breast/fold2_00000064.png,train
Breast/fold2_00000065.png,train
Breast/fold2_00000066.png,train
Breast/fold2_00000067.png,train
Breast/fold2_00000068.png,train
Breast/fold2_00000069.png,train
Breast/fold2_00000070.png,train
Breast/fold2_00000071.png,train
Breast/fold2_00000072.png,train
Breast/fold2_00000073.png,train
Breast/fold2_00000074.png,train
Breast/fold2_00000076.png,train
Breast/fold2_00000077.png,train
Breast/fold2_00000078.png,train
Breast/fold2_00000079.png,train
Breast/fold2_00000080.png,train
Breast/fold2_00000081.png,train
Breast/fold2_00000082.png,train
Breast/fold2_00000083.png,train
Breast/fold2_00000084.png,train
Breast/fold2_00000085.png,train
Breast/fold2_00000086.png,train
Breast/fold2_00000087.png,train
Breast/fold2_00000088.png,train
Breast/fold2_00000089.png,train
Breast/fold2_00000090.png,train
Breast/fold2_00000091.png,train
Breast/fold2_00000092.png,train
Breast/fold2_00000094.png,train
Breast/fold2_00000095.png,train
Breast/fold2_00000096.png,train
Breast/fold2_00000097.png,train
Breast/fold2_00000098.png,train
Breast/fold2_00000099.png,train
Breast/fold2_00000100.png,train
Breast/fold2_00000101.png,train
Breast/fold2_00000102.png,train
Breast/fold2_00000103.png,train
Breast/fold2_00000104.png,train
Breast/fold2_00000105.png,train
Breast/fold2_00000106.png,train
Breast/fold2_00000107.png,train
Breast/fold2_00000108.png,train
Breast/fold2_00000109.png,train
Breast/fold2_00000110.png,train
Breast/fold2_00000111.png,train
Breast/fold2_00000112.png,train
Breast/fold2_00000113.png,train
Breast/fold2_00000114.png,train
Breast/fold2_00000116.png,train
Breast/fold2_00000117.png,train
Breast/fold2_00000118.png,train
Breast/fold2_00000119.png,train
Breast/fold2_00000120.png,train
Breast/fold2_00000121.png,train
Breast/fold2_00000122.png,train
Breast/fold2_00000123.png,train
Breast/fold2_00000124.png,train
Breast/fold2_00000125.png,train
Breast/fold2_00000126.png,train
Breast/fold2_00000127.png,train
Breast/fold2_00000128.png,train
Breast/fold2_00000129.png,train
Breast/fold2_00000130.png,train
Breast/fold2_00000131.png,train
Breast/fold2_00000132.png,train
Breast/fold2_00000133.png,train
Breast/fold2_00000134.png,train
Breast/fold2_00000135.png,train
Breast/fold2_00000136.png,train
Breast/fold2_00000137.png,train
Breast/fold2_00000138.png,train
Breast/fold2_00000139.png,train
Breast/fold2_00000140.png,train
Breast/fold2_00000141.png,train
Breast/fold2_00000142.png,train
Breast/fold2_00000143.png,train
Breast/fold2_00000144.png,train
Breast/fold2_00000145.png,train
Breast/fold2_00000146.png,train
Breast/fold2_00000147.png,train
Breast/fold2_00000148.png,train
Breast/fold2_00000149.png,train
Breast/fold2_00000150.png,train
Breast/fold2_00000151.png,train
Breast/fold2_00000152.png,train
Breast/fold2_00000154.png,train
Breast/fold2_00000155.png,train
Breast/fold2_00000156.png,train
Breast/fold2_00000157.png,train
Breast/fold2_00000158.png,train
Breast/fold2_00000160.png,train
Breast/fold2_00000161.png,train
Breast/fold2_00000162.png,train
Breast/fold2_00000163.png,train
Breast/fold2_00000164.png,train
Breast/fold2_00000165.png,train
Breast/fold2_00000166.png,train
Breast/fold2_00000167.png,train
Breast/fold2_00000168.png,train
Breast/fold2_00000169.png,train
Breast/fold2_00000170.png,train
Breast/fold2_00000171.png,train
Breast/fold2_00000172.png,train
Breast/fold2_00000173.png,train
Breast/fold2_00000174.png,train
Breast/fold2_00000175.png,train
Breast/fold2_00000176.png,train
Breast/fold2_00000177.png,train
Breast/fold2_00000178.png,train
Breast/fold2_00000179.png,train
Breast/fold2_00000180.png,train
Breast/fold2_00000181.png,train
Breast/fold2_00000182.png,train
Breast/fold2_00000183.png,train
Breast/fold2_00000184.png,train
Breast/fold2_00000185.png,train
Breast/fold2_00000186.png,train
Breast/fold2_00000187.png,train
Breast/fold2_00000189.png,train
Breast/fold2_00000190.png,train
Breast/fold2_00000191.png,train
Breast/fold2_00000192.png,train
Breast/fold2_00000193.png,train
Breast/fold2_00000194.png,train
Breast/fold2_00000195.png,train
Breast/fold2_00000196.png,train
Breast/fold2_00000197.png,train
Breast/fold2_00000198.png,train
Breast/fold2_00000199.png,train
Breast/fold2_00000200.png,train
Breast/fold2_00000201.png,train
Breast/fold2_00000202.png,train
Breast/fold2_00000203.png,train
Breast/fold2_00000204.png,train
Breast/fold2_00000205.png,train
Breast/fold2_00000206.png,train
Breast/fold2_00000207.png,train
Breast/fold2_00000208.png,train
Breast/fold2_00000209.png,train
Breast/fold2_00000210.png,train
Breast/fold2_00000211.png,train
Breast/fold2_00000212.png,train
Breast/fold2_00000213.png,train
Breast/fold2_00000214.png,train
Breast/fold2_00000215.png,train
Breast/fold2_00000216.png,train
Breast/fold2_00000217.png,train
Breast/fold2_00000218.png,train
Breast/fold2_00000219.png,train
Breast/fold2_00000220.png,train
Breast/fold2_00000221.png,train
Breast/fold2_00000222.png,train
Breast/fold2_00000223.png,train
Breast/fold2_00000224.png,train
Breast/fold2_00000225.png,train
Breast/fold2_00000226.png,train
Breast/fold2_00000227.png,train
Breast/fold2_00000228.png,train
Breast/fold2_00000229.png,train
Breast/fold2_00000230.png,train
Breast/fold2_00000231.png,train
Breast/fold2_00000232.png,train
Breast/fold2_00000233.png,train
Breast/fold2_00000234.png,train
Breast/fold2_00000235.png,train
Breast/fold2_00000236.png,train
Breast/fold2_00000237.png,train
Breast/fold2_00000238.png,train
Breast/fold2_00000239.png,train
Breast/fold2_00000240.png,train
Breast/fold2_00000241.png,train
Breast/fold2_00000242.png,train
Breast/fold2_00000243.png,train
Breast/fold2_00000244.png,train
Breast/fold2_00000245.png,train
Breast/fold2_00000246.png,train
Breast/fold2_00000247.png,train
Breast/fold2_00000248.png,train
Breast/fold2_00000249.png,train
Breast/fold2_00000250.png,train
Breast/fold2_00000251.png,train
Breast/fold2_00000252.png,train
Breast/fold2_00000253.png,train
Breast/fold2_00000254.png,train
Breast/fold2_00000255.png,train
Breast/fold2_00000256.png,train
Breast/fold2_00000257.png,train
Breast/fold2_00000259.png,train
Breast/fold2_00000260.png,train
Breast/fold2_00000261.png,train
Breast/fold2_00000262.png,train
Breast/fold2_00000263.png,train
Breast/fold2_00000264.png,train
Breast/fold2_00000265.png,train
Breast/fold2_00000266.png,train
Breast/fold2_00000267.png,train
Breast/fold2_00000268.png,train
Breast/fold2_00000269.png,train
Breast/fold2_00000270.png,train
Breast/fold2_00000271.png,train
Breast/fold2_00000272.png,train
Breast/fold2_00000273.png,train
Breast/fold2_00000274.png,train
Breast/fold2_00000275.png,train
Breast/fold2_00000276.png,train
Breast/fold2_00000277.png,train
Breast/fold2_00000278.png,train
Breast/fold2_00000279.png,train
Breast/fold2_00000280.png,train
Breast/fold2_00000281.png,train
Breast/fold2_00000282.png,train
Breast/fold2_00000283.png,train
Breast/fold2_00000284.png,train
Breast/fold2_00000285.png,train
Breast/fold2_00000286.png,train
Breast/fold2_00000287.png,train
Breast/fold2_00000288.png,train
Breast/fold2_00000289.png,train
Breast/fold2_00000290.png,train
Breast/fold2_00000291.png,train
Breast/fold2_00000292.png,train
Breast/fold2_00000293.png,train
Breast/fold2_00000294.png,train
Breast/fold2_00000295.png,train
Breast/fold2_00000296.png,train
Breast/fold2_00000297.png,train
Breast/fold2_00000298.png,train
Breast/fold2_00000299.png,train
Breast/fold2_00000300.png,train
Breast/fold2_00000301.png,train
Breast/fold2_00000302.png,train
Breast/fold2_00000303.png,train
Breast/fold2_00000304.png,train
Breast/fold2_00000305.png,train
Breast/fold2_00000306.png,train
Breast/fold2_00000307.png,train
Breast/fold2_00000308.png,train
Breast/fold2_00000309.png,train
Breast/fold2_00000310.png,train
Breast/fold2_00000311.png,train
Breast/fold2_00000312.png,train
Breast/fold2_00000313.png,train
Breast/fold2_00000314.png,train
Breast/fold2_00000315.png,train
Breast/fold2_00000316.png,train
Breast/fold2_00000317.png,train
Breast/fold2_00000318.png,train
Breast/fold2_00000319.png,train
Breast/fold2_00000320.png,train
Breast/fold2_00000321.png,train
Breast/fold2_00000322.png,train
Breast/fold2_00000323.png,train
Breast/fold2_00000324.png,train
Breast/fold2_00000325.png,train
Breast/fold2_00000326.png,train
Breast/fold2_00000327.png,train
Breast/fold2_00000328.png,train
Breast/fold2_00000329.png,train
Breast/fold2_00000330.png,train
Breast/fold2_00000331.png,train
Breast/fold2_00000332.png,train
Breast/fold2_00000333.png,train
Breast/fold2_00000334.png,train
Breast/fold2_00000335.png,train
Breast/fold2_00000336.png,train
Breast/fold2_00000337.png,train
Breast/fold2_00000338.png,train
Breast/fold2_00000339.png,train
Breast/fold2_00000340.png,train
Breast/fold2_00000341.png,train
Breast/fold2_00000342.png,train
Breast/fold2_00000343.png,train
Breast/fold2_00000344.png,train
Breast/fold2_00000345.png,train
Breast/fold2_00000346.png,train
Breast/fold2_00000347.png,train
Breast/fold2_00000348.png,train
Breast/fold2_00000349.png,train
Breast/fold2_00000350.png,train
Breast/fold2_00000351.png,train
Breast/fold2_00000352.png,train
Breast/fold2_00000353.png,train
Breast/fold2_00000354.png,train
Breast/fold2_00000355.png,train
Breast/fold2_00000356.png,train
Breast/fold2_00000357.png,train
Breast/fold2_00000358.png,train
Breast/fold2_00000359.png,train
Breast/fold2_00000360.png,train
Breast/fold2_00000361.png,train
Breast/fold2_00000362.png,train
Breast/fold2_00000363.png,train
Breast/fold2_00000364.png,train
Breast/fold2_00000365.png,train
Breast/fold2_00000366.png,train
Breast/fold2_00000367.png,train
Breast/fold2_00000368.png,train
Breast/fold2_00000369.png,train
Breast/fold2_00000370.png,train
Breast/fold2_00000371.png,train
Breast/fold2_00000372.png,train
Breast/fold2_00000373.png,train
Breast/fold2_00000374.png,train
Breast/fold2_00000375.png,train
Breast/fold2_00000376.png,train
Breast/fold2_00000377.png,train
Breast/fold2_00000378.png,train
Breast/fold2_00000379.png,train
Breast/fold2_00000380.png,train
Breast/fold2_00000381.png,train
Breast/fold2_00000382.png,train
Breast/fold2_00000383.png,train
Breast/fold2_00000384.png,train
Breast/fold2_00000385.png,train
Breast/fold2_00000386.png,train
Breast/fold2_00000387.png,train
Breast/fold2_00000388.png,train
Breast/fold2_00000389.png,train
Breast/fold2_00000390.png,train
Breast/fold2_00000391.png,train
Breast/fold2_00000392.png,train
Breast/fold2_00000393.png,train
Breast/fold2_00000394.png,train
Breast/fold2_00000396.png,train
Breast/fold2_00000397.png,train
Breast/fold2_00000398.png,train
Breast/fold2_00000399.png,train
Breast/fold2_00000400.png,train
Breast/fold2_00000401.png,train
Breast/fold2_00000402.png,train
Breast/fold2_00000403.png,train
Breast/fold2_00000404.png,train
Breast/fold2_00000405.png,train
Breast/fold2_00000406.png,train
Breast/fold2_00000407.png,train
Breast/fold2_00000408.png,train
Breast/fold2_00000409.png,train
Breast/fold2_00000410.png,train
Breast/fold2_00000411.png,train
Breast/fold2_00000412.png,train
Breast/fold2_00000413.png,train
Breast/fold2_00000414.png,train
Breast/fold2_00000415.png,train
Breast/fold2_00000416.png,train
Breast/fold2_00000417.png,train
Breast/fold2_00000418.png,train
Breast/fold2_00000419.png,train
Breast/fold2_00000420.png,train
Breast/fold2_00000421.png,train
Breast/fold2_00000422.png,train
Breast/fold2_00000423.png,train
Breast/fold2_00000424.png,train
Breast/fold2_00000425.png,train
Breast/fold2_00000426.png,train
Breast/fold2_00000427.png,train
Breast/fold2_00000428.png,train
Breast/fold2_00000429.png,train
Breast/fold2_00000430.png,train
Breast/fold2_00000431.png,train
Breast/fold2_00000433.png,train
Breast/fold2_00000434.png,train
Breast/fold2_00000435.png,train
Breast/fold2_00000436.png,train
Breast/fold2_00000437.png,train
Breast/fold2_00000438.png,train
Breast/fold2_00000439.png,train
Breast/fold2_00000440.png,train
Breast/fold2_00000441.png,train
Breast/fold2_00000442.png,train
Breast/fold2_00000443.png,train
Breast/fold2_00000444.png,train
Breast/fold2_00000445.png,train
Breast/fold2_00000446.png,train
Breast/fold2_00000447.png,train
Breast/fold2_00000448.png,train
Breast/fold2_00000450.png,train
Breast/fold2_00000451.png,train
Breast/fold2_00000452.png,train
Breast/fold2_00000453.png,train
Breast/fold2_00000454.png,train
Breast/fold2_00000455.png,train
Breast/fold2_00000456.png,train
Breast/fold2_00000457.png,train
Breast/fold2_00000458.png,train
Breast/fold2_00000459.png,train
Breast/fold2_00000460.png,train
Breast/fold2_00000461.png,train
Breast/fold2_00000462.png,train
Breast/fold2_00000463.png,train
Breast/fold2_00000464.png,train
Breast/fold2_00000465.png,train
Breast/fold2_00000466.png,train
Breast/fold2_00000467.png,train
Breast/fold2_00000468.png,train
Breast/fold2_00000469.png,train
Breast/fold2_00000470.png,train
Breast/fold2_00000471.png,train
Breast/fold2_00000472.png,train
Breast/fold2_00000473.png,train
Breast/fold2_00000474.png,train
Breast/fold2_00000475.png,train
Breast/fold2_00000476.png,train
Breast/fold2_00000477.png,train
Breast/fold2_00000478.png,train
Breast/fold2_00000479.png,train
Breast/fold2_00000480.png,train
Breast/fold2_00000481.png,train
Breast/fold2_00000482.png,train
Breast/fold2_00000483.png,train
Breast/fold2_00000484.png,train
Breast/fold2_00000485.png,train
Breast/fold2_00000486.png,train
Breast/fold2_00000487.png,train
Breast/fold2_00000488.png,train
Breast/fold2_00000489.png,train
Breast/fold2_00000490.png,train
Breast/fold2_00000491.png,train
Breast/fold2_00000492.png,train
Breast/fold2_00000493.png,train
Breast/fold2_00000494.png,train
Breast/fold2_00000495.png,train
Breast/fold2_00000496.png,train
Breast/fold2_00000497.png,train
Breast/fold2_00000498.png,train
Breast/fold2_00000499.png,train
Breast/fold2_00000501.png,train
Breast/fold2_00000502.png,train
Breast/fold2_00000503.png,train
Breast/fold2_00000504.png,train
Breast/fold2_00000505.png,train
Breast/fold2_00000506.png,train
Breast/fold2_00000507.png,train
Breast/fold2_00000508.png,train
Breast/fold2_00000509.png,train
Breast/fold2_00000510.png,train
Breast/fold2_00000511.png,train
Breast/fold2_00000512.png,train
Breast/fold2_00000513.png,train
Breast/fold2_00000514.png,train
Breast/fold2_00000515.png,train
Breast/fold2_00000516.png,train
Breast/fold2_00000517.png,train
Breast/fold2_00000518.png,train
Breast/fold2_00000519.png,train
Breast/fold2_00000520.png,train
Breast/fold2_00000521.png,train
Breast/fold2_00000522.png,train
Breast/fold2_00000523.png,train
Breast/fold2_00000524.png,train
Breast/fold2_00000525.png,train
Breast/fold2_00000526.png,train
Breast/fold2_00000527.png,train
Breast/fold2_00000528.png,train
Breast/fold2_00000529.png,train
Breast/fold2_00000530.png,train
Breast/fold2_00000531.png,train
Breast/fold2_00000532.png,train
Breast/fold2_00000533.png,train
Breast/fold2_00000534.png,train
Breast/fold2_00000535.png,train
Breast/fold2_00000536.png,train
Breast/fold2_00000537.png,train
Breast/fold2_00000538.png,train
Breast/fold2_00000539.png,train
Breast/fold2_00000540.png,train
Breast/fold2_00000541.png,train
Breast/fold2_00000542.png,train
Breast/fold2_00000543.png,train
Breast/fold2_00000544.png,train
Breast/fold2_00000545.png,train
Breast/fold2_00000546.png,train
Breast/fold2_00000547.png,train
Breast/fold2_00000548.png,train
Breast/fold2_00000549.png,train
Breast/fold2_00000550.png,train
Breast/fold2_00000551.png,train
Breast/fold2_00000552.png,train
Breast/fold2_00000553.png,train
Breast/fold2_00000554.png,train
Breast/fold2_00000555.png,train
Breast/fold2_00000556.png,train
Breast/fold2_00000558.png,train
Breast/fold2_00000559.png,train
Breast/fold2_00000560.png,train
Breast/fold2_00000561.png,train
Breast/fold2_00000562.png,train
Breast/fold2_00000563.png,train
Breast/fold2_00000564.png,train
Breast/fold2_00000565.png,train
Breast/fold2_00000566.png,train
Breast/fold2_00000567.png,train
Breast/fold2_00000568.png,train
Breast/fold2_00000569.png,train
Breast/fold2_00000570.png,train
Breast/fold2_00000571.png,train
Breast/fold2_00000572.png,train
Breast/fold2_00000573.png,train
Breast/fold2_00000574.png,train
Breast/fold2_00000575.png,train
Breast/fold2_00000576.png,train
Breast/fold2_00000577.png,train
Breast/fold2_00000578.png,train
Breast/fold2_00000579.png,train
Breast/fold2_00000580.png,train
Breast/fold2_00000581.png,train
Breast/fold2_00000582.png,train
Breast/fold2_00000583.png,train
Breast/fold2_00000584.png,train
Breast/fold2_00000585.png,train
Breast/fold2_00000586.png,train
Breast/fold2_00000587.png,train
Breast/fold2_00000588.png,train
Breast/fold2_00000589.png,train
Breast/fold2_00000590.png,train
Breast/fold2_00000591.png,train
Breast/fold2_00000592.png,train
Breast/fold2_00000593.png,train
Breast/fold2_00000594.png,train
Breast/fold2_00000595.png,train
Breast/fold2_00000596.png,train
Breast/fold2_00000597.png,train
Breast/fold2_00000598.png,train
Breast/fold2_00000599.png,train
Breast/fold2_00000600.png,train
Breast/fold2_00000601.png,train
Breast/fold2_00000602.png,train
Breast/fold2_00000603.png,train
Breast/fold2_00000604.png,train
Breast/fold2_00000605.png,train
Breast/fold2_00000606.png,train
Breast/fold2_00000607.png,train
Breast/fold2_00000608.png,train
Breast/fold2_00000609.png,train
Breast/fold2_00000610.png,train
Breast/fold2_00000611.png,train
Breast/fold2_00000612.png,train
Breast/fold2_00000613.png,train
Breast/fold2_00000614.png,train
Breast/fold2_00000615.png,train
Breast/fold2_00000616.png,train
Breast/fold2_00000617.png,train
Breast/fold2_00000618.png,train
Breast/fold2_00000619.png,train
Breast/fold2_00000620.png,train
Breast/fold2_00000621.png,train
Breast/fold2_00000622.png,train
Breast/fold2_00000623.png,train
Breast/fold2_00000624.png,train
Breast/fold2_00000625.png,train
Breast/fold2_00000626.png,train
Breast/fold2_00000627.png,train
Breast/fold2_00000628.png,train
Breast/fold2_00000629.png,train
Breast/fold2_00000630.png,train
Breast/fold2_00000631.png,train
Breast/fold2_00000632.png,train
Breast/fold2_00000633.png,train
Breast/fold2_00000634.png,train
Breast/fold2_00000635.png,train
Breast/fold2_00000636.png,train
Breast/fold2_00000637.png,train
Breast/fold2_00000638.png,train
Breast/fold2_00000639.png,train
Breast/fold2_00000640.png,train
Breast/fold2_00000641.png,train
Breast/fold2_00000642.png,train
Breast/fold2_00000643.png,train
Breast/fold2_00000644.png,train
Breast/fold2_00000645.png,train
Breast/fold2_00000646.png,train
Breast/fold2_00000647.png,train
Breast/fold2_00000648.png,train
Breast/fold2_00000649.png,train
Breast/fold2_00000650.png,train
Breast/fold2_00000651.png,train
Breast/fold2_00000652.png,train
Breast/fold2_00000653.png,train
Breast/fold2_00000654.png,train
Breast/fold2_00000655.png,train
Breast/fold2_00000656.png,train
Breast/fold2_00000657.png,train
Breast/fold2_00000658.png,train
Breast/fold2_00000660.png,train
Breast/fold2_00000661.png,train
Breast/fold2_00000662.png,train
Breast/fold2_00000663.png,train
Breast/fold2_00000664.png,train
Breast/fold2_00000665.png,train
Breast/fold2_00000666.png,train
Breast/fold2_00000667.png,train
Breast/fold2_00000668.png,train
Breast/fold2_00000669.png,train
Breast/fold2_00000670.png,train
Breast/fold2_00000671.png,train
Breast/fold2_00000672.png,train
Breast/fold2_00000673.png,train
Breast/fold2_00000674.png,train
Breast/fold2_00000675.png,train
Breast/fold2_00000676.png,train
Breast/fold2_00000780.png,train
Breast/fold2_00000781.png,train
Breast/fold2_00000782.png,train
Breast/fold2_00000783.png,train
Breast/fold2_00000784.png,train
Breast/fold2_00000785.png,train
Breast/fold2_00000786.png,train
Breast/fold2_00000787.png,train
Breast/fold2_00000788.png,train
Breast/fold2_00000789.png,train
Breast/fold2_00000790.png,train
Breast/fold2_00000791.png,train
Breast/fold2_00000792.png,train
Breast/fold2_00000793.png,train
Breast/fold2_00000820.png,train
Breast/fold2_00000821.png,train
Breast/fold2_00000822.png,train
Breast/fold2_00000823.png,train
Breast/fold2_00001504.png,train
Breast/fold2_00001505.png,train
Breast/fold2_00001506.png,train
Breast/fold2_00001507.png,train
Breast/fold2_00001508.png,train
Breast/fold2_00001509.png,train
Breast/fold2_00001510.png,train
Breast/fold2_00001512.png,train
Breast/fold2_00001514.png,train
Breast/fold2_00001515.png,train
Breast/fold2_00001516.png,train
Breast/fold2_00001517.png,train
Breast/fold2_00001518.png,train
Breast/fold2_00001519.png,train
Breast/fold2_00001520.png,train
Breast/fold2_00001521.png,train
Breast/fold2_00001522.png,train
Breast/fold2_00001523.png,train
Breast/fold2_00001524.png,train
Breast/fold2_00001525.png,train
Breast/fold2_00001526.png,train
Breast/fold2_00001527.png,train
Breast/fold2_00001528.png,train
Breast/fold2_00001529.png,train
Breast/fold2_00001530.png,train
Breast/fold2_00001531.png,train
Breast/fold2_00001532.png,train
Breast/fold2_00001533.png,train
Breast/fold2_00001534.png,train
Breast/fold2_00001535.png,train
Breast/fold2_00001536.png,train
Breast/fold2_00001537.png,train
Breast/fold2_00001538.png,train
Breast/fold2_00001539.png,train
Breast/fold2_00001540.png,train
Breast/fold2_00001541.png,train
Breast/fold2_00001542.png,train
Breast/fold2_00001543.png,train
Breast/fold2_00001544.png,train
Breast/fold2_00001545.png,train
Breast/fold2_00001546.png,train
Breast/fold2_00001547.png,train
Breast/fold2_00001548.png,train
Breast/fold2_00001549.png,train
Breast/fold2_00001550.png,train
Breast/fold2_00001551.png,train
Breast/fold2_00001552.png,train
Breast/fold2_00001553.png,train
Breast/fold2_00001554.png,train
Breast/fold2_00001555.png,train
Breast/fold2_00001556.png,train
Breast/fold2_00001557.png,train
Breast/fold3_00000000.png,train
Breast/fold3_00000001.png,train
Breast/fold3_00000002.png,train
Breast/fold3_00000003.png,train
Breast/fold3_00000004.png,train
Breast/fold3_00000005.png,train
Breast/fold3_00000006.png,train
Breast/fold3_00000007.png,train
Breast/fold3_00000008.png,train
Breast/fold3_00000009.png,train
Breast/fold3_00000010.png,train
Breast/fold3_00000011.png,train
Breast/fold3_00000012.png,train
Breast/fold3_00000013.png,train
Breast/fold3_00000014.png,train
Breast/fold3_00000015.png,train
Breast/fold3_00000016.png,train
Breast/fold3_00000017.png,train
Breast/fold3_00000018.png,train
Breast/fold3_00000019.png,train
Breast/fold3_00000020.png,train
Breast/fold3_00000021.png,train
Breast/fold3_00000022.png,train
Breast/fold3_00000023.png,train
Breast/fold3_00000024.png,train
Breast/fold3_00000025.png,train
Breast/fold3_00000026.png,train
Breast/fold3_00000027.png,train
Breast/fold3_00000028.png,train
Breast/fold3_00000029.png,train
Breast/fold3_00000030.png,train
Breast/fold3_00000031.png,train
Breast/fold3_00000032.png,train
Breast/fold3_00000033.png,train
Breast/fold3_00000034.png,train
Breast/fold3_00000035.png,train
Breast/fold3_00000036.png,train
Breast/fold3_00000037.png,train
Breast/fold3_00000038.png,train
Breast/fold3_00000039.png,train
Breast/fold3_00000040.png,train
Breast/fold3_00000041.png,train
Breast/fold3_00000042.png,train
Breast/fold3_00000043.png,train
Breast/fold3_00000044.png,train
Breast/fold3_00000045.png,train
Breast/fold3_00000046.png,train
Breast/fold3_00000047.png,train
Breast/fold3_00000048.png,train
Breast/fold3_00000049.png,train
Breast/fold3_00000050.png,train
Breast/fold3_00000051.png,train
Breast/fold3_00000052.png,train
Breast/fold3_00000053.png,train
Breast/fold3_00000054.png,train
Breast/fold3_00000055.png,train
Breast/fold3_00000056.png,train
Breast/fold3_00000057.png,train
Breast/fold3_00000059.png,train
Breast/fold3_00000060.png,train
Breast/fold3_00000061.png,train
Breast/fold3_00000062.png,train
Breast/fold3_00000063.png,train
Breast/fold3_00000064.png,train
Breast/fold3_00000065.png,train
Breast/fold3_00000066.png,train
Breast/fold3_00000067.png,train
Breast/fold3_00000068.png,train
Breast/fold3_00000069.png,train
Breast/fold3_00000070.png,train
Breast/fold3_00000071.png,train
Breast/fold3_00000072.png,train
Breast/fold3_00000073.png,train
Breast/fold3_00000074.png,train
Breast/fold3_00000075.png,train
Breast/fold3_00000076.png,train
Breast/fold3_00000077.png,train
Breast/fold3_00000078.png,train
Breast/fold3_00000079.png,train
Breast/fold3_00000080.png,train
Breast/fold3_00000081.png,train
Breast/fold3_00000082.png,train
Breast/fold3_00000083.png,train
Breast/fold3_00000084.png,train
Breast/fold3_00000085.png,train
Breast/fold3_00000086.png,train
Breast/fold3_00000087.png,train
Breast/fold3_00000088.png,train
Breast/fold3_00000089.png,train
Breast/fold3_00000090.png,train
Breast/fold3_00000091.png,train
Breast/fold3_00000092.png,train
Breast/fold3_00000093.png,train
Breast/fold3_00000094.png,train
Breast/fold3_00000095.png,train
Breast/fold3_00000096.png,train
Breast/fold3_00000097.png,train
Breast/fold3_00000098.png,train
Breast/fold3_00000099.png,train
Breast/fold3_00000100.png,train
Breast/fold3_00000101.png,train
Breast/fold3_00000102.png,train
Breast/fold3_00000103.png,train
Breast/fold3_00000104.png,train
Breast/fold3_00000105.png,train
Breast/fold3_00000106.png,train
Breast/fold3_00000107.png,train
Breast/fold3_00000108.png,train
Breast/fold3_00000109.png,train
Breast/fold3_00000110.png,train
Breast/fold3_00000111.png,train
Breast/fold3_00000112.png,train
Breast/fold3_00000113.png,train
Breast/fold3_00000114.png,train
Breast/fold3_00000115.png,train
Breast/fold3_00000116.png,train
Breast/fold3_00000117.png,train
Breast/fold3_00000118.png,train
Breast/fold3_00000119.png,train
Breast/fold3_00000120.png,train
Breast/fold3_00000121.png,train
Breast/fold3_00000122.png,train
Breast/fold3_00000123.png,train
Breast/fold3_00000124.png,train
Breast/fold3_00000125.png,train
Breast/fold3_00000126.png,train
Breast/fold3_00000127.png,train
Breast/fold3_00000128.png,train
Breast/fold3_00000129.png,train
Breast/fold3_00000130.png,train
Breast/fold3_00000131.png,train
Breast/fold3_00000132.png,train
Breast/fold3_00000133.png,train
Breast/fold3_00000134.png,train
Breast/fold3_00000135.png,train
Breast/fold3_00000136.png,train
Breast/fold3_00000137.png,train
Breast/fold3_00000138.png,train
Breast/fold3_00000139.png,train
Breast/fold3_00000140.png,train
Breast/fold3_00000141.png,train
Breast/fold3_00000142.png,train
Breast/fold3_00000143.png,train
Breast/fold3_00000144.png,train
Breast/fold3_00000145.png,train
Breast/fold3_00000146.png,train
Breast/fold3_00000147.png,train
Breast/fold3_00000148.png,train
Breast/fold3_00000149.png,train
Breast/fold3_00000150.png,train
Breast/fold3_00000151.png,train
Breast/fold3_00000152.png,train
Breast/fold3_00000153.png,train
Breast/fold3_00000154.png,train
Breast/fold3_00000155.png,train
Breast/fold3_00000156.png,train
Breast/fold3_00000158.png,train
Breast/fold3_00000159.png,train
Breast/fold3_00000160.png,train
Breast/fold3_00000161.png,train
Breast/fold3_00000162.png,train
Breast/fold3_00000163.png,train
Breast/fold3_00000164.png,train
Breast/fold3_00000165.png,train
Breast/fold3_00000166.png,train
Breast/fold3_00000167.png,train
Breast/fold3_00000168.png,train
Breast/fold3_00000169.png,train
Breast/fold3_00000170.png,train
Breast/fold3_00000171.png,train
Breast/fold3_00000172.png,train
Breast/fold3_00000173.png,train
Breast/fold3_00000174.png,train
Breast/fold3_00000175.png,train
Breast/fold3_00000176.png,train
Breast/fold3_00000177.png,train
Breast/fold3_00000178.png,train
Breast/fold3_00000179.png,train
Breast/fold3_00000180.png,train
Breast/fold3_00000181.png,train
Breast/fold3_00000182.png,train
Breast/fold3_00000183.png,train
Breast/fold3_00000184.png,train
Breast/fold3_00000185.png,train
Breast/fold3_00000186.png,train
Breast/fold3_00000187.png,train
Breast/fold3_00000188.png,train
Breast/fold3_00000189.png,train
Breast/fold3_00000190.png,train
Breast/fold3_00000191.png,train
Breast/fold3_00000192.png,train
Breast/fold3_00000193.png,train
Breast/fold3_00000194.png,train
Breast/fold3_00000195.png,train
Breast/fold3_00000196.png,train
Breast/fold3_00000197.png,train
Breast/fold3_00000198.png,train
Breast/fold3_00000199.png,train
Breast/fold3_00000200.png,train
Breast/fold3_00000201.png,train
Breast/fold3_00000202.png,train
Breast/fold3_00000203.png,train
Breast/fold3_00000204.png,train
Breast/fold3_00000205.png,train
Breast/fold3_00000206.png,train
Breast/fold3_00000207.png,train
Breast/fold3_00000208.png,train
Breast/fold3_00000209.png,train
Breast/fold3_00000210.png,train
Breast/fold3_00000211.png,train
Breast/fold3_00000212.png,train
Breast/fold3_00000213.png,train
Breast/fold3_00000214.png,train
Breast/fold3_00000215.png,train
Breast/fold3_00000216.png,train
Breast/fold3_00000217.png,train
Breast/fold3_00000219.png,train
Breast/fold3_00000220.png,train
Breast/fold3_00000221.png,train
Breast/fold3_00000222.png,train
Breast/fold3_00000223.png,train
Breast/fold3_00000224.png,train
Breast/fold3_00000225.png,train
Breast/fold3_00000226.png,train
Breast/fold3_00000227.png,train
Breast/fold3_00000228.png,train
Breast/fold3_00000229.png,train
Breast/fold3_00000230.png,train
Breast/fold3_00000231.png,train
Breast/fold3_00000232.png,train
Breast/fold3_00000233.png,train
Breast/fold3_00000234.png,train
Breast/fold3_00000235.png,train
Breast/fold3_00000236.png,train
Breast/fold3_00000237.png,train
Breast/fold3_00000238.png,train
Breast/fold3_00000239.png,train
Breast/fold3_00000240.png,train
Breast/fold3_00000241.png,train
Breast/fold3_00000242.png,train
Breast/fold3_00000243.png,train
Breast/fold3_00000244.png,train
Breast/fold3_00000245.png,train
Breast/fold3_00000246.png,train
Breast/fold3_00000247.png,train
Breast/fold3_00000248.png,train
Breast/fold3_00000249.png,train
Breast/fold3_00000250.png,train
Breast/fold3_00000251.png,train
Breast/fold3_00000252.png,train
Breast/fold3_00000253.png,train
Breast/fold3_00000254.png,train
Breast/fold3_00000255.png,train
Breast/fold3_00000256.png,train
Breast/fold3_00000257.png,train
Breast/fold3_00000258.png,train
Breast/fold3_00000259.png,train
Breast/fold3_00000260.png,train
Breast/fold3_00000261.png,train
Breast/fold3_00000262.png,train
Breast/fold3_00000263.png,train
Breast/fold3_00000264.png,train
Breast/fold3_00000265.png,train
Breast/fold3_00000266.png,train
Breast/fold3_00000267.png,train
Breast/fold3_00000268.png,train
Breast/fold3_00000269.png,train
Breast/fold3_00000270.png,train
Breast/fold3_00000271.png,train
Breast/fold3_00000272.png,train
Breast/fold3_00000274.png,train
Breast/fold3_00000275.png,train
Breast/fold3_00000276.png,train
Breast/fold3_00000277.png,train
Breast/fold3_00000278.png,train
Breast/fold3_00000279.png,train
Breast/fold3_00000280.png,train
Breast/fold3_00000281.png,train
Breast/fold3_00000282.png,train
Breast/fold3_00000283.png,train
Breast/fold3_00000284.png,train
Breast/fold3_00000285.png,train
Breast/fold3_00000286.png,train
Breast/fold3_00000287.png,train
Breast/fold3_00000288.png,train
Breast/fold3_00000289.png,train
Breast/fold3_00000290.png,train
Breast/fold3_00000291.png,train
Breast/fold3_00000292.png,train
Breast/fold3_00000293.png,train
Breast/fold3_00000294.png,train
Breast/fold3_00000295.png,train
Breast/fold3_00000296.png,train
Breast/fold3_00000297.png,train
Breast/fold3_00000298.png,train
Breast/fold3_00000299.png,train
Breast/fold3_00000300.png,train
Breast/fold3_00000301.png,train
Breast/fold3_00000302.png,train
Breast/fold3_00000303.png,train
Breast/fold3_00000304.png,train
Breast/fold3_00000305.png,train
Breast/fold3_00000306.png,train
Breast/fold3_00000307.png,train
Breast/fold3_00000308.png,train
Breast/fold3_00000309.png,train
Breast/fold3_00000310.png,train
Breast/fold3_00000311.png,train
Breast/fold3_00000312.png,train
Breast/fold3_00000313.png,train
Breast/fold3_00000314.png,train
Breast/fold3_00000315.png,train
Breast/fold3_00000316.png,train
Breast/fold3_00000317.png,train
Breast/fold3_00000318.png,train
Breast/fold3_00000319.png,train
Breast/fold3_00000320.png,train
Breast/fold3_00000321.png,train
Breast/fold3_00000322.png,train
Breast/fold3_00000323.png,train
Breast/fold3_00000324.png,train
Breast/fold3_00000325.png,train
Breast/fold3_00000326.png,train
Breast/fold3_00000327.png,train
Breast/fold3_00000328.png,train
Breast/fold3_00000329.png,train
Breast/fold3_00000330.png,train
Breast/fold3_00000331.png,train
Breast/fold3_00000332.png,train
Breast/fold3_00000333.png,train
Breast/fold3_00000334.png,train
Breast/fold3_00000335.png,train
Breast/fold3_00000336.png,train
Breast/fold3_00000337.png,train
Breast/fold3_00000338.png,train
Breast/fold3_00000339.png,train
Breast/fold3_00000340.png,train
Breast/fold3_00000341.png,train
Breast/fold3_00000342.png,train
Breast/fold3_00000343.png,train
Breast/fold3_00000344.png,train
Breast/fold3_00000345.png,train
Breast/fold3_00000346.png,train
Breast/fold3_00000347.png,train
Breast/fold3_00000348.png,train
Breast/fold3_00000349.png,train
Breast/fold3_00000350.png,train
Breast/fold3_00000351.png,train
Breast/fold3_00000352.png,train
Breast/fold3_00000353.png,train
Breast/fold3_00000354.png,train
Breast/fold3_00000355.png,train
Breast/fold3_00000356.png,train
Breast/fold3_00000357.png,train
Breast/fold3_00000358.png,train
Breast/fold3_00000359.png,train
Breast/fold3_00000360.png,train
Breast/fold3_00000361.png,train
Breast/fold3_00000362.png,train
Breast/fold3_00000363.png,train
Breast/fold3_00000364.png,train
Breast/fold3_00000365.png,train
Breast/fold3_00000366.png,train
Breast/fold3_00000367.png,train
Breast/fold3_00000368.png,train
Breast/fold3_00000369.png,train
Breast/fold3_00000371.png,train
Breast/fold3_00000372.png,train
Breast/fold3_00000373.png,train
Breast/fold3_00000374.png,train
Breast/fold3_00000375.png,train
Breast/fold3_00000376.png,train
Breast/fold3_00000377.png,train
Breast/fold3_00000378.png,train
Breast/fold3_00000379.png,train
Breast/fold3_00000380.png,train
Breast/fold3_00000381.png,train
Breast/fold3_00000382.png,train
Breast/fold3_00000383.png,train
Breast/fold3_00000384.png,train
Breast/fold3_00000385.png,train
Breast/fold3_00000386.png,train
Breast/fold3_00000387.png,train
Breast/fold3_00000388.png,train
Breast/fold3_00000389.png,train
Breast/fold3_00000390.png,train
Breast/fold3_00000391.png,train
Breast/fold3_00000392.png,train
Breast/fold3_00000393.png,train
Breast/fold3_00000394.png,train
Breast/fold3_00000395.png,train
Breast/fold3_00000396.png,train
Breast/fold3_00000397.png,train
Breast/fold3_00000398.png,train
Breast/fold3_00000399.png,train
Breast/fold3_00000400.png,train
Breast/fold3_00000401.png,train
Breast/fold3_00000402.png,train
Breast/fold3_00000403.png,train
Breast/fold3_00000404.png,train
Breast/fold3_00000405.png,train
Breast/fold3_00000406.png,train
Breast/fold3_00000407.png,train
Breast/fold3_00000408.png,train
Breast/fold3_00000409.png,train
Breast/fold3_00000410.png,train
Breast/fold3_00000411.png,train
Breast/fold3_00000412.png,train
Breast/fold3_00000413.png,train
Breast/fold3_00000415.png,train
Breast/fold3_00000416.png,train
Breast/fold3_00000417.png,train
Breast/fold3_00000418.png,train
Breast/fold3_00000419.png,train
Breast/fold3_00000420.png,train
Breast/fold3_00000421.png,train
Breast/fold3_00000422.png,train
Breast/fold3_00000423.png,train
Breast/fold3_00000424.png,train
Breast/fold3_00000426.png,train
Breast/fold3_00000427.png,train
Breast/fold3_00000428.png,train
Breast/fold3_00000429.png,train
Breast/fold3_00000430.png,train
Breast/fold3_00000431.png,train
Breast/fold3_00000432.png,train
Breast/fold3_00000433.png,train
Breast/fold3_00000434.png,train
Breast/fold3_00000435.png,train
Breast/fold3_00000436.png,train
Breast/fold3_00000437.png,train
Breast/fold3_00000438.png,train
Breast/fold3_00000439.png,train
Breast/fold3_00000440.png,train
Breast/fold3_00000441.png,train
Breast/fold3_00000442.png,train
Breast/fold3_00000443.png,train
Breast/fold3_00000444.png,train
Breast/fold3_00000445.png,train
Breast/fold3_00000446.png,train
Breast/fold3_00000447.png,train
Breast/fold3_00000448.png,train
Breast/fold3_00000449.png,train
Breast/fold3_00000450.png,train
Breast/fold3_00000451.png,train
Breast/fold3_00000452.png,train
Breast/fold3_00000453.png,train
Breast/fold3_00000454.png,train
Breast/fold3_00000455.png,train
Breast/fold3_00000456.png,train
Breast/fold3_00000457.png,train
Breast/fold3_00000458.png,train
Breast/fold3_00000459.png,train
Breast/fold3_00000460.png,train
Breast/fold3_00000461.png,train
Breast/fold3_00000462.png,train
Breast/fold3_00000463.png,train
Breast/fold3_00000464.png,train
Breast/fold3_00000465.png,train
Breast/fold3_00000466.png,train
Breast/fold3_00000467.png,train
Breast/fold3_00000468.png,train
Breast/fold3_00000469.png,train
Breast/fold3_00000470.png,train
Breast/fold3_00000471.png,train
Breast/fold3_00000472.png,train
Breast/fold3_00000473.png,train
Breast/fold3_00000474.png,train
Breast/fold3_00000475.png,train
Breast/fold3_00000476.png,train
Breast/fold3_00000477.png,train
Breast/fold3_00000478.png,train
Breast/fold3_00000479.png,train
Breast/fold3_00000480.png,train
Breast/fold3_00000481.png,train
Breast/fold3_00000482.png,train
Breast/fold3_00000483.png,train
Breast/fold3_00000484.png,train
Breast/fold3_00000485.png,train
Breast/fold3_00000486.png,train
Breast/fold3_00000487.png,train
Breast/fold3_00000488.png,train
Breast/fold3_00000489.png,train
Breast/fold3_00000490.png,train
Breast/fold3_00000491.png,train
Breast/fold3_00000492.png,train
Breast/fold3_00000493.png,train
Breast/fold3_00000494.png,train
Breast/fold3_00000495.png,train
Breast/fold3_00000496.png,train
Breast/fold3_00000497.png,train
Breast/fold3_00000498.png,train
Breast/fold3_00000499.png,train
Breast/fold3_00000500.png,train
Breast/fold3_00000501.png,train
Breast/fold3_00000502.png,train
Breast/fold3_00000504.png,train
Breast/fold3_00000505.png,train
Breast/fold3_00000506.png,train
Breast/fold3_00000507.png,train
Breast/fold3_00000508.png,train
Breast/fold3_00000509.png,train
Breast/fold3_00000510.png,train
Breast/fold3_00000511.png,train
Breast/fold3_00000512.png,train
Breast/fold3_00000513.png,train
Breast/fold3_00000514.png,train
Breast/fold3_00000515.png,train
Breast/fold3_00000516.png,train
Breast/fold3_00000517.png,train
Breast/fold3_00000518.png,train
Breast/fold3_00000519.png,train
Breast/fold3_00000520.png,train
Breast/fold3_00000521.png,train
Breast/fold3_00000522.png,train
Breast/fold3_00000523.png,train
Breast/fold3_00000524.png,train
Breast/fold3_00000525.png,train
Breast/fold3_00000526.png,train
Breast/fold3_00000527.png,train
Breast/fold3_00000528.png,train
Breast/fold3_00000529.png,train
Breast/fold3_00000530.png,train
Breast/fold3_00000531.png,train
Breast/fold3_00000532.png,train
Breast/fold3_00000533.png,train
Breast/fold3_00000534.png,train
Breast/fold3_00000535.png,train
Breast/fold3_00000536.png,train
Breast/fold3_00000537.png,train
Breast/fold3_00000538.png,train
Breast/fold3_00000539.png,train
Breast/fold3_00000540.png,train
Breast/fold3_00000541.png,train
Breast/fold3_00000542.png,train
Breast/fold3_00000544.png,train
Breast/fold3_00000545.png,train
Breast/fold3_00000546.png,train
Breast/fold3_00000547.png,train
Breast/fold3_00000548.png,train
Breast/fold3_00000549.png,train
Breast/fold3_00000550.png,train
Breast/fold3_00000551.png,train
Breast/fold3_00000552.png,train
Breast/fold3_00000553.png,train
Breast/fold3_00000554.png,train
Breast/fold3_00000555.png,train
Breast/fold3_00000556.png,train
Breast/fold3_00000557.png,train
Breast/fold3_00000558.png,train
Breast/fold3_00000559.png,train
Breast/fold3_00000560.png,train
Breast/fold3_00000561.png,train
Breast/fold3_00000562.png,train
Breast/fold3_00000563.png,train
Breast/fold3_00000564.png,train
Breast/fold3_00000565.png,train
Breast/fold3_00000566.png,train
Breast/fold3_00000567.png,train
Breast/fold3_00000568.png,train
Breast/fold3_00000569.png,train
Breast/fold3_00000570.png,train
Breast/fold3_00000571.png,train
Breast/fold3_00000572.png,train
Breast/fold3_00000573.png,train
Breast/fold3_00000574.png,train
Breast/fold3_00000575.png,train
Breast/fold3_00000576.png,train
Breast/fold3_00000577.png,train
Breast/fold3_00000578.png,train
Breast/fold3_00000579.png,train
Breast/fold3_00000580.png,train
Breast/fold3_00000581.png,train
Breast/fold3_00000582.png,train
Breast/fold3_00000583.png,train
Breast/fold3_00000584.png,train
Breast/fold3_00000586.png,train
Breast/fold3_00000587.png,train
Breast/fold3_00000588.png,train
Breast/fold3_00000589.png,train
Breast/fold3_00000590.png,train
Breast/fold3_00000591.png,train
Breast/fold3_00000592.png,train
Breast/fold3_00000593.png,train
Breast/fold3_00000594.png,train
Breast/fold3_00000595.png,train
Breast/fold3_00000597.png,train
Breast/fold3_00000598.png,train
Breast/fold3_00000599.png,train
Breast/fold3_00000600.png,train
Breast/fold3_00000601.png,train
Breast/fold3_00000602.png,train
Breast/fold3_00000603.png,train
Breast/fold3_00000604.png,train
Breast/fold3_00000606.png,train
Breast/fold3_00000607.png,train
Breast/fold3_00000608.png,train
Breast/fold3_00000609.png,train
Breast/fold3_00000610.png,train
Breast/fold3_00000611.png,train
Breast/fold3_00000612.png,train
Breast/fold3_00000613.png,train
Breast/fold3_00000614.png,train
Breast/fold3_00000615.png,train
Breast/fold3_00000616.png,train
Breast/fold3_00000617.png,train
Breast/fold3_00000618.png,train
Breast/fold3_00000619.png,train
Breast/fold3_00000620.png,train
Breast/fold3_00000621.png,train
Breast/fold3_00000622.png,train
Breast/fold3_00000623.png,train
Breast/fold3_00000624.png,train
Breast/fold3_00000625.png,train
Breast/fold3_00000626.png,train
Breast/fold3_00000627.png,train
Breast/fold3_00000628.png,train
Breast/fold3_00000629.png,train
Breast/fold3_00000630.png,train
Breast/fold3_00000631.png,train
Breast/fold3_00000634.png,train
Breast/fold3_00000635.png,train
Breast/fold3_00000636.png,train
Breast/fold3_00000637.png,train
Breast/fold3_00000638.png,train
Breast/fold3_00000639.png,train
Breast/fold3_00000640.png,train
Breast/fold3_00000641.png,train
Breast/fold3_00000642.png,train
Breast/fold3_00000643.png,train
Breast/fold3_00000644.png,train
Breast/fold3_00000645.png,train
Breast/fold3_00000646.png,train
Breast/fold3_00000647.png,train
Breast/fold3_00000648.png,train
Breast/fold3_00000649.png,train
Breast/fold3_00000650.png,train
Breast/fold3_00000651.png,train
Breast/fold3_00000652.png,train
Breast/fold3_00000653.png,train
Breast/fold3_00000654.png,train
Breast/fold3_00000655.png,train
Breast/fold3_00000656.png,train
Breast/fold3_00000657.png,train
Breast/fold3_00000658.png,train
Breast/fold3_00000659.png,train
Breast/fold3_00000660.png,train
Breast/fold3_00000661.png,train
Breast/fold3_00000662.png,train
Breast/fold3_00000663.png,train
Breast/fold3_00000664.png,train
Breast/fold3_00000665.png,train
Breast/fold3_00000666.png,train
Breast/fold3_00000667.png,train
Breast/fold3_00000668.png,train
Breast/fold3_00000669.png,train
Breast/fold3_00000670.png,train
Breast/fold3_00000671.png,train
Breast/fold3_00000672.png,train
Breast/fold3_00000673.png,train
Breast/fold3_00000674.png,train
Breast/fold3_00000676.png,train
Breast/fold3_00000677.png,train
Breast/fold3_00000678.png,train
Breast/fold3_00000679.png,train
Breast/fold3_00000680.png,train
Breast/fold3_00000681.png,train
Breast/fold3_00000682.png,train
Breast/fold3_00000683.png,train
Breast/fold3_00000684.png,train
Breast/fold3_00000685.png,train
Breast/fold3_00000686.png,train
Breast/fold3_00000687.png,train
Breast/fold3_00000688.png,train
Breast/fold3_00000689.png,train
Breast/fold3_00000690.png,train
Breast/fold3_00000691.png,train
Breast/fold3_00000693.png,train
Breast/fold3_00000694.png,train
Breast/fold3_00000695.png,train
Breast/fold3_00000696.png,train
Breast/fold3_00000697.png,train
Breast/fold3_00000698.png,train
Breast/fold3_00000699.png,train
Breast/fold3_00000700.png,train
Breast/fold3_00000701.png,train
Breast/fold3_00000702.png,train
Breast/fold3_00000703.png,train
Breast/fold3_00000704.png,train
Breast/fold3_00000705.png,train
Breast/fold3_00000831.png,train
Breast/fold3_00000832.png,train
Breast/fold3_00000833.png,train
Breast/fold3_00000834.png,train
Breast/fold3_00000835.png,train
Breast/fold3_00000836.png,train
Breast/fold3_00000837.png,train
Breast/fold3_00000838.png,train
Breast/fold3_00000839.png,train
Breast/fold3_00000840.png,train
Breast/fold3_00000854.png,train
Breast/fold3_00000855.png,train
Breast/fold3_00000856.png,train
Breast/fold3_00000857.png,train
Breast/fold3_00000858.png,train
Breast/fold3_00000859.png,train
Breast/fold3_00001611.png,train
Breast/fold3_00001612.png,train
Breast/fold3_00001613.png,train
Breast/fold3_00001614.png,train
Breast/fold3_00001615.png,train
Breast/fold3_00001616.png,train
Breast/fold3_00001617.png,train
Breast/fold3_00001618.png,train
Breast/fold3_00001619.png,train
Breast/fold3_00001620.png,train
Breast/fold3_00001621.png,train
Breast/fold3_00001622.png,train
Breast/fold3_00001623.png,train
Breast/fold3_00001624.png,train
Breast/fold3_00001625.png,train
Breast/fold3_00001626.png,train
Breast/fold3_00001627.png,train
Breast/fold3_00001628.png,train
Breast/fold3_00001629.png,train
Breast/fold3_00001630.png,train
Breast/fold3_00001631.png,train
Breast/fold3_00001632.png,train
Breast/fold3_00001633.png,train
Breast/fold3_00001634.png,train
Breast/fold3_00001635.png,train
Breast/fold3_00001637.png,train
Breast/fold3_00001638.png,train
Breast/fold3_00001639.png,train
Breast/fold3_00001640.png,train
Breast/fold3_00001641.png,train
Breast/fold3_00001642.png,train
Breast/fold3_00001643.png,train
Breast/fold3_00001644.png,train
Breast/fold3_00001645.png,train
Breast/fold3_00001646.png,train
Breast/fold3_00001647.png,train
Breast/fold3_00001648.png,train
Breast/fold3_00001649.png,train
Breast/fold3_00001650.png,train
Breast/fold3_00001651.png,train
Breast/fold3_00001652.png,train
Breast/fold3_00001653.png,train
Breast/fold3_00001654.png,train
Breast/fold3_00001655.png,train
Breast/fold3_00001656.png,train
Breast/fold3_00001657.png,train
Breast/fold3_00001658.png,train
Breast/fold3_00001659.png,train
Breast/fold3_00001660.png,train
Breast/fold3_00001661.png,train
Breast/fold3_00001662.png,train
Breast/fold3_00001663.png,train
Cervix/fold1_00001091.png,train
Cervix/fold1_00001093.png,train
Cervix/fold1_00001094.png,train
Cervix/fold1_00001095.png,train
Cervix/fold1_00001096.png,train
Cervix/fold1_00001147.png,train
Cervix/fold1_00001149.png,train
Cervix/fold1_00001150.png,train
Cervix/fold1_00001151.png,train
Cervix/fold1_00001152.png,train
Cervix/fold1_00001153.png,train
Cervix/fold1_00001154.png,train
Cervix/fold1_00001155.png,train
Cervix/fold1_00001156.png,train
Cervix/fold1_00001158.png,train
Cervix/fold1_00001159.png,train
Cervix/fold1_00001160.png,train
Cervix/fold1_00001161.png,train
Cervix/fold1_00001162.png,train
Cervix/fold1_00001163.png,train
Cervix/fold1_00001164.png,train
Cervix/fold1_00001165.png,train
Cervix/fold1_00001167.png,train
Cervix/fold1_00001169.png,train
Cervix/fold1_00001170.png,train
Cervix/fold1_00001321.png,train
Cervix/fold1_00001322.png,train
Cervix/fold1_00001324.png,train
Cervix/fold1_00001326.png,train
Cervix/fold1_00001328.png,train
Cervix/fold1_00001329.png,train
Cervix/fold1_00001330.png,train
Cervix/fold1_00001331.png,train
Cervix/fold1_00001332.png,train
Cervix/fold1_00001333.png,train
Cervix/fold1_00001334.png,train
Cervix/fold1_00001335.png,train
Cervix/fold1_00001340.png,train
Cervix/fold1_00001341.png,train
Cervix/fold1_00001342.png,train
Cervix/fold1_00001343.png,train
Cervix/fold1_00001345.png,train
Cervix/fold1_00001346.png,train
Cervix/fold1_00001347.png,train
Cervix/fold1_00001348.png,train
Cervix/fold1_00001349.png,train
Cervix/fold1_00001350.png,train
Cervix/fold1_00001351.png,train
Cervix/fold1_00001352.png,train
Cervix/fold1_00001353.png,train
Cervix/fold1_00001354.png,train
Cervix/fold1_00001355.png,train
Cervix/fold1_00001357.png,train
Cervix/fold1_00001358.png,train
Cervix/fold1_00001359.png,train
Cervix/fold1_00001361.png,train
Cervix/fold1_00001362.png,train
Cervix/fold1_00001363.png,train
Cervix/fold1_00001364.png,train
Cervix/fold1_00001365.png,train
Cervix/fold1_00001366.png,train
Cervix/fold1_00001367.png,train
Cervix/fold1_00001368.png,train
Cervix/fold1_00001369.png,train
Cervix/fold1_00001748.png,train
Cervix/fold1_00001749.png,train
Cervix/fold1_00001750.png,train
Cervix/fold1_00001753.png,train
Cervix/fold1_00001754.png,train
Cervix/fold1_00001755.png,train
Cervix/fold1_00001756.png,train
Cervix/fold1_00001757.png,train
Cervix/fold1_00001758.png,train
Cervix/fold1_00001759.png,train
Cervix/fold1_00001761.png,train
Cervix/fold1_00001762.png,train
Cervix/fold1_00001763.png,train
Cervix/fold1_00001766.png,train
Cervix/fold1_00001767.png,train
Cervix/fold1_00001768.png,train
Cervix/fold1_00001769.png,train
Cervix/fold1_00001770.png,train
Cervix/fold1_00001771.png,train
Cervix/fold1_00001772.png,train
Cervix/fold1_00001773.png,train
Cervix/fold1_00001774.png,train
Cervix/fold1_00001775.png,train
Cervix/fold1_00001777.png,train
Cervix/fold1_00001778.png,train
Cervix/fold1_00001779.png,train
Cervix/fold1_00001780.png,train
Cervix/fold1_00001781.png,train
Cervix/fold1_00001782.png,train
Cervix/fold1_00001783.png,train
Cervix/fold1_00001785.png,train
Cervix/fold1_00001786.png,train
Cervix/fold1_00001787.png,train
Cervix/fold1_00001789.png,train
Cervix/fold1_00001790.png,train
Cervix/fold1_00001792.png,train
Cervix/fold1_00001793.png,train
Cervix/fold1_00001795.png,train
Cervix/fold1_00001796.png,train
Cervix/fold1_00001797.png,train
Cervix/fold1_00001798.png,train
Cervix/fold1_00001799.png,train
Cervix/fold1_00001800.png,train
Cervix/fold1_00001801.png,train
Cervix/fold1_00001803.png,train
Cervix/fold1_00001804.png,train
Cervix/fold1_00001805.png,train
Cervix/fold1_00001806.png,train
Cervix/fold1_00001807.png,train
Cervix/fold1_00001808.png,train
Cervix/fold1_00001810.png,train
Cervix/fold1_00001811.png,train
Cervix/fold1_00001812.png,train
Cervix/fold1_00001813.png,train
Cervix/fold1_00001814.png,train
Cervix/fold1_00001815.png,train
Cervix/fold1_00001816.png,train
Cervix/fold1_00001817.png,train
Cervix/fold1_00001818.png,train
Cervix/fold1_00001819.png,train
Cervix/fold1_00001820.png,train
Cervix/fold1_00001821.png,train
Cervix/fold2_00000968.png,train
Cervix/fold2_00000969.png,train
Cervix/fold2_00000970.png,train
Cervix/fold2_00000971.png,train
Cervix/fold2_00001023.png,train
Cervix/fold2_00001024.png,train
Cervix/fold2_00001025.png,train
Cervix/fold2_00001026.png,train
Cervix/fold2_00001027.png,train
Cervix/fold2_00001028.png,train
Cervix/fold2_00001029.png,train
Cervix/fold2_00001030.png,train
Cervix/fold2_00001171.png,train
Cervix/fold2_00001172.png,train
Cervix/fold2_00001174.png,train
Cervix/fold2_00001175.png,train
Cervix/fold2_00001176.png,train
Cervix/fold2_00001178.png,train
Cervix/fold2_00001179.png,train
Cervix/fold2_00001180.png,train
Cervix/fold2_00001181.png,train
Cervix/fold2_00001182.png,train
Cervix/fold2_00001183.png,train
Cervix/fold2_00001184.png,train
Cervix/fold2_00001186.png,train
Cervix/fold2_00001187.png,train
Cervix/fold2_00001188.png,train
Cervix/fold2_00001189.png,train
Cervix/fold2_00001190.png,train
Cervix/fold2_00001191.png,train
Cervix/fold2_00001192.png,train
Cervix/fold2_00001193.png,train
Cervix/fold2_00001558.png,train
Cervix/fold2_00001559.png,train
Cervix/fold2_00001560.png,train
Cervix/fold2_00001561.png,train
Cervix/fold2_00001563.png,train
Cervix/fold2_00001564.png,train
Cervix/fold2_00001565.png,train
Cervix/fold2_00001566.png,train
Cervix/fold2_00001568.png,train
Cervix/fold2_00001569.png,train
Cervix/fold2_00001570.png,train
Cervix/fold2_00001571.png,train
Cervix/fold2_00001572.png,train
Cervix/fold3_00001022.png,train
Cervix/fold3_00001024.png,train
Cervix/fold3_00001026.png,train
Cervix/fold3_00001027.png,train
Cervix/fold3_00001028.png,train
Cervix/fold3_00001029.png,train
Cervix/fold3_00001076.png,train
Cervix/fold3_00001078.png,train
Cervix/fold3_00001079.png,train
Cervix/fold3_00001080.png,train
Cervix/fold3_00001082.png,train
Cervix/fold3_00001083.png,train
Cervix/fold3_00001084.png,train
Cervix/fold3_00001085.png,train
Cervix/fold3_00001086.png,train
Cervix/fold3_00001088.png,train
Cervix/fold3_00001089.png,train
Cervix/fold3_00001091.png,train
Cervix/fold3_00001092.png,train
Cervix/fold3_00001225.png,train
Cervix/fold3_00001226.png,train
Cervix/fold3_00001227.png,train
Cervix/fold3_00001229.png,train
Cervix/fold3_00001230.png,train
Cervix/fold3_00001232.png,train
Cervix/fold3_00001233.png,train
Cervix/fold3_00001235.png,train
Cervix/fold3_00001236.png,train
Cervix/fold3_00001237.png,train
Cervix/fold3_00001239.png,train
Cervix/fold3_00001241.png,train
Cervix/fold3_00001242.png,train
Cervix/fold3_00001243.png,train
Cervix/fold3_00001244.png,train
Cervix/fold3_00001245.png,train
Cervix/fold3_00001246.png,train
Cervix/fold3_00001247.png,train
Cervix/fold3_00001664.png,train
Cervix/fold3_00001665.png,train
Cervix/fold3_00001666.png,train
Cervix/fold3_00001667.png,train
Cervix/fold3_00001668.png,train
Cervix/fold3_00001669.png,train
Cervix/fold3_00001670.png,train
Cervix/fold3_00001672.png,train
Cervix/fold3_00001673.png,train
Cervix/fold3_00001674.png,train
Cervix/fold3_00001675.png,train
Cervix/fold3_00001676.png,train
Cervix/fold3_00001677.png,train
Cervix/fold3_00001678.png,train
Cervix/fold3_00001679.png,train
Cervix/fold3_00001680.png,train
Cervix/fold3_00001681.png,train
Cervix/fold3_00001683.png,train
Cervix/fold3_00001685.png,train
Cervix/fold3_00001686.png,train
Cervix/fold3_00001687.png,train
Cervix/fold3_00001688.png,train
Cervix/fold3_00001690.png,train
Cervix/fold3_00001691.png,train
Cervix/fold3_00001692.png,train
Cervix/fold3_00001693.png,train
Cervix/fold3_00001694.png,train
Cervix/fold3_00001695.png,train
Cervix/fold3_00001696.png,train
Cervix/fold3_00001697.png,train
Cervix/fold3_00001698.png,train
Cervix/fold3_00001699.png,train
Colon/fold1_00000738.png,train
Colon/fold1_00000739.png,train
Colon/fold1_00000740.png,train
Colon/fold1_00000741.png,train
Colon/fold1_00000742.png,train
Colon/fold1_00000743.png,train
Colon/fold1_00000744.png,train
Colon/fold1_00000745.png,train
Colon/fold1_00000746.png,train
Colon/fold1_00000747.png,train
Colon/fold1_00000748.png,train
Colon/fold1_00000749.png,train
Colon/fold1_00000750.png,train
Colon/fold1_00000751.png,train
Colon/fold1_00000752.png,train
Colon/fold1_00000753.png,train
Colon/fold1_00000754.png,train
Colon/fold1_00000755.png,train
Colon/fold1_00000756.png,train
Colon/fold1_00000757.png,train
Colon/fold1_00000758.png,train
Colon/fold1_00000759.png,train
Colon/fold1_00000760.png,train
Colon/fold1_00000761.png,train
Colon/fold1_00000762.png,train
Colon/fold1_00000763.png,train
Colon/fold1_00000764.png,train
Colon/fold1_00000765.png,train
Colon/fold1_00000766.png,train
Colon/fold1_00000767.png,train
Colon/fold1_00000768.png,train
Colon/fold1_00000769.png,train
Colon/fold1_00000770.png,train
Colon/fold1_00000771.png,train
Colon/fold1_00000772.png,train
Colon/fold1_00000773.png,train
Colon/fold1_00000774.png,train
Colon/fold1_00000775.png,train
Colon/fold1_00000776.png,train
Colon/fold1_00000777.png,train
Colon/fold1_00000778.png,train
Colon/fold1_00000779.png,train
Colon/fold1_00000780.png,train
Colon/fold1_00000781.png,train
Colon/fold1_00000782.png,train
Colon/fold1_00000783.png,train
Colon/fold1_00000784.png,train
Colon/fold1_00000785.png,train
Colon/fold1_00000786.png,train
Colon/fold1_00000787.png,train
Colon/fold1_00000788.png,train
Colon/fold1_00000789.png,train
Colon/fold1_00000790.png,train
Colon/fold1_00000791.png,train
Colon/fold1_00000792.png,train
Colon/fold1_00000793.png,train
Colon/fold1_00000794.png,train
Colon/fold1_00000795.png,train
Colon/fold1_00000796.png,train
Colon/fold1_00000797.png,train
Colon/fold1_00000798.png,train
Colon/fold1_00000799.png,train
Colon/fold1_00000800.png,train
Colon/fold1_00000801.png,train
Colon/fold1_00000802.png,train
Colon/fold1_00000803.png,train
Colon/fold1_00000804.png,train
Colon/fold1_00000805.png,train
Colon/fold1_00000806.png,train
Colon/fold1_00000807.png,train
Colon/fold1_00000808.png,train
Colon/fold1_00000809.png,train
Colon/fold1_00000810.png,train
Colon/fold1_00000811.png,train
Colon/fold1_00000812.png,train
Colon/fold1_00000813.png,train
Colon/fold1_00000814.png,train
Colon/fold1_00000815.png,train
Colon/fold1_00000816.png,train
Colon/fold1_00000817.png,train
Colon/fold1_00000818.png,train
Colon/fold1_00000820.png,train
Colon/fold1_00000821.png,train
Colon/fold1_00000822.png,train
Colon/fold1_00000823.png,train
Colon/fold1_00000824.png,train
Colon/fold1_00000825.png,train
Colon/fold1_00000826.png,train
Colon/fold1_00000827.png,train
Colon/fold1_00000828.png,train
Colon/fold1_00000829.png,train
Colon/fold1_00000830.png,train
Colon/fold1_00000831.png,train
Colon/fold1_00000832.png,train
Colon/fold1_00000833.png,train
Colon/fold1_00000834.png,train
Colon/fold1_00000835.png,train
Colon/fold1_00000836.png,train
Colon/fold1_00000837.png,train
Colon/fold1_00000838.png,train
Colon/fold1_00000839.png,train
Colon/fold1_00000841.png,train
Colon/fold1_00000842.png,train
Colon/fold1_00000843.png,train
Colon/fold1_00000844.png,train
Colon/fold1_00000845.png,train
Colon/fold1_00000846.png,train
Colon/fold1_00000847.png,train
Colon/fold1_00000848.png,train
Colon/fold1_00000849.png,train
Colon/fold1_00000850.png,train
Colon/fold1_00000851.png,train
Colon/fold1_00000852.png,train
Colon/fold1_00000853.png,train
Colon/fold1_00000856.png,train
Colon/fold1_00000858.png,train
Colon/fold1_00000859.png,train
Colon/fold1_00000860.png,train
Colon/fold1_00000861.png,train
Colon/fold1_00000863.png,train
Colon/fold1_00000864.png,train
Colon/fold1_00000865.png,train
Colon/fold1_00000866.png,train
Colon/fold1_00000909.png,train
Colon/fold1_00000910.png,train
Colon/fold1_00000911.png,train
Colon/fold1_00000963.png,train
Colon/fold1_00000964.png,train
Colon/fold1_00000965.png,train
Colon/fold1_00001479.png,train
Colon/fold1_00001480.png,train
Colon/fold1_00001481.png,train
Colon/fold1_00001482.png,train
Colon/fold1_00001485.png,train
Colon/fold1_00001486.png,train
Colon/fold1_00001487.png,train
Colon/fold1_00001488.png,train
Colon/fold1_00001489.png,train
Colon/fold1_00001490.png,train
Colon/fold1_00001491.png,train
Colon/fold1_00001492.png,train
Colon/fold1_00001493.png,train
Colon/fold1_00001494.png,train
Colon/fold1_00001495.png,train
Colon/fold1_00001496.png,train
Colon/fold1_00001497.png,train
Colon/fold1_00001498.png,train
Colon/fold1_00001499.png,train
Colon/fold1_00001500.png,train
Colon/fold1_00001501.png,train
Colon/fold1_00001502.png,train
Colon/fold1_00001503.png,train
Colon/fold1_00001504.png,train
Colon/fold1_00001505.png,train
Colon/fold1_00001506.png,train
Colon/fold1_00001507.png,train
Colon/fold1_00001509.png,train
Colon/fold1_00001510.png,train
Colon/fold1_00001512.png,train
Colon/fold1_00001513.png,train
Colon/fold1_00001514.png,train
Colon/fold1_00001515.png,train
Colon/fold1_00001516.png,train
Colon/fold1_00001517.png,train
Colon/fold1_00001518.png,train
Colon/fold1_00001519.png,train
Colon/fold1_00001822.png,train
Colon/fold1_00001823.png,train
Colon/fold1_00001824.png,train
Colon/fold1_00001825.png,train
Colon/fold1_00001826.png,train
Colon/fold1_00001827.png,train
Colon/fold1_00001828.png,train
Colon/fold1_00001829.png,train
Colon/fold1_00001830.png,train
Colon/fold1_00001831.png,train
Colon/fold1_00001832.png,train
Colon/fold1_00001833.png,train
Colon/fold1_00001834.png,train
Colon/fold1_00001835.png,train
Colon/fold1_00001836.png,train
Colon/fold1_00001837.png,train
Colon/fold1_00001838.png,train
Colon/fold1_00001839.png,train
Colon/fold1_00001840.png,train
Colon/fold1_00001841.png,train
Colon/fold1_00001842.png,train
Colon/fold1_00001843.png,train
Colon/fold1_00001844.png,train
Colon/fold1_00001845.png,train
Colon/fold1_00001846.png,train
Colon/fold1_00001847.png,train
Colon/fold1_00001848.png,train
Colon/fold1_00001849.png,train
Colon/fold1_00001850.png,train
Colon/fold1_00001851.png,train
Colon/fold1_00001852.png,train
Colon/fold1_00001853.png,train
Colon/fold1_00001854.png,train
Colon/fold1_00001855.png,train
Colon/fold1_00001856.png,train
Colon/fold1_00001857.png,train
Colon/fold1_00001858.png,train
Colon/fold1_00001859.png,train
Colon/fold1_00001860.png,train
Colon/fold1_00001861.png,train
Colon/fold1_00001862.png,train
Colon/fold1_00001863.png,train
Colon/fold1_00001864.png,train
Colon/fold1_00001865.png,train
Colon/fold1_00001866.png,train
Colon/fold1_00001867.png,train
Colon/fold1_00001868.png,train
Colon/fold1_00001869.png,train
Colon/fold1_00001870.png,train
Colon/fold1_00001871.png,train
Colon/fold1_00001872.png,train
Colon/fold1_00001873.png,train
Colon/fold1_00001874.png,train
Colon/fold1_00001875.png,train
Colon/fold1_00001876.png,train
Colon/fold1_00001877.png,train
Colon/fold1_00001878.png,train
Colon/fold1_00001879.png,train
Colon/fold1_00001880.png,train
Colon/fold1_00001881.png,train
Colon/fold1_00001882.png,train
Colon/fold1_00001883.png,train
Colon/fold1_00001884.png,train
Colon/fold1_00001885.png,train
Colon/fold1_00001886.png,train
Colon/fold1_00001887.png,train
Colon/fold1_00001888.png,train
Colon/fold1_00001889.png,train
Colon/fold1_00001890.png,train
Colon/fold1_00001892.png,train
Colon/fold1_00001893.png,train
Colon/fold1_00001894.png,train
Colon/fold1_00001895.png,train
Colon/fold1_00001896.png,train
Colon/fold1_00001897.png,train
Colon/fold1_00001898.png,train
Colon/fold1_00001899.png,train
Colon/fold1_00001900.png,train
Colon/fold1_00001901.png,train
Colon/fold1_00001902.png,train
Colon/fold1_00001903.png,train
Colon/fold1_00001904.png,train
Colon/fold1_00001905.png,train
Colon/fold1_00001906.png,train
Colon/fold1_00001907.png,train
Colon/fold1_00001908.png,train
Colon/fold1_00001909.png,train
Colon/fold1_00001910.png,train
Colon/fold1_00001911.png,train
Colon/fold1_00001912.png,train
Colon/fold1_00001913.png,train
Colon/fold1_00001914.png,train
Colon/fold1_00001915.png,train
Colon/fold1_00001916.png,train
Colon/fold1_00001917.png,train
Colon/fold1_00001918.png,train
Colon/fold1_00001919.png,train
Colon/fold1_00001920.png,train
Colon/fold1_00001921.png,train
Colon/fold1_00001922.png,train
Colon/fold1_00001923.png,train
Colon/fold1_00001924.png,train
Colon/fold1_00001925.png,train
Colon/fold1_00001926.png,train
Colon/fold1_00001927.png,train
Colon/fold1_00001928.png,train
Colon/fold1_00001929.png,train
Colon/fold1_00001930.png,train
Colon/fold1_00001931.png,train
Colon/fold1_00001932.png,train
Colon/fold1_00001933.png,train
Colon/fold1_00001934.png,train
Colon/fold1_00001935.png,train
Colon/fold1_00001936.png,train
Colon/fold1_00001937.png,train
Colon/fold1_00001938.png,train
Colon/fold1_00001939.png,train
Colon/fold1_00001940.png,train
Colon/fold1_00001941.png,train
Colon/fold1_00001942.png,train
Colon/fold1_00001943.png,train
Colon/fold1_00001944.png,train
Colon/fold1_00001945.png,train
Colon/fold1_00001946.png,train
Colon/fold1_00001947.png,train
Colon/fold1_00001948.png,train
Colon/fold1_00001949.png,train
Colon/fold1_00001950.png,train
Colon/fold1_00001951.png,train
Colon/fold1_00001952.png,train
Colon/fold1_00001953.png,train
Colon/fold1_00001954.png,train
Colon/fold1_00001955.png,train
Colon/fold1_00001956.png,train
Colon/fold1_00001957.png,train
Colon/fold1_00001958.png,train
Colon/fold1_00001959.png,train
Colon/fold1_00001960.png,train
Colon/fold1_00001961.png,train
Colon/fold1_00001962.png,train
Colon/fold1_00001964.png,train
Colon/fold1_00001965.png,train
Colon/fold1_00001966.png,train
Colon/fold1_00001967.png,train
Colon/fold1_00001969.png,train
Colon/fold1_00001970.png,train
Colon/fold1_00001971.png,train
Colon/fold1_00001972.png,train
Colon/fold1_00001973.png,train
Colon/fold1_00001974.png,train
Colon/fold1_00001975.png,train
Colon/fold1_00001976.png,train
Colon/fold1_00001977.png,train
Colon/fold1_00001978.png,train
Colon/fold1_00001979.png,train
Colon/fold1_00001980.png,train
Colon/fold1_00001981.png,train
Colon/fold1_00001982.png,train
Colon/fold1_00001983.png,train
Colon/fold1_00001984.png,train
Colon/fold1_00001985.png,train
Colon/fold1_00001986.png,train
Colon/fold1_00001987.png,train
Colon/fold1_00001988.png,train
Colon/fold1_00001989.png,train
Colon/fold1_00001990.png,train
Colon/fold1_00001991.png,train
Colon/fold1_00001992.png,train
Colon/fold1_00001993.png,train
Colon/fold1_00001994.png,train
Colon/fold1_00001995.png,train
Colon/fold1_00001996.png,train
Colon/fold1_00001997.png,train
Colon/fold1_00001998.png,train
Colon/fold1_00001999.png,train
Colon/fold1_00002000.png,train
Colon/fold1_00002001.png,train
Colon/fold1_00002002.png,train
Colon/fold1_00002003.png,train
Colon/fold1_00002004.png,train
Colon/fold1_00002005.png,train
Colon/fold1_00002006.png,train
Colon/fold1_00002007.png,train
Colon/fold1_00002008.png,train
Colon/fold1_00002009.png,train
Colon/fold1_00002010.png,train
Colon/fold1_00002011.png,train
Colon/fold1_00002012.png,train
Colon/fold1_00002013.png,train
Colon/fold1_00002014.png,train
Colon/fold1_00002015.png,train
Colon/fold1_00002016.png,train
Colon/fold1_00002017.png,train
Colon/fold1_00002018.png,train
Colon/fold1_00002019.png,train
Colon/fold1_00002020.png,train
Colon/fold1_00002021.png,train
Colon/fold1_00002022.png,train
Colon/fold1_00002023.png,train
Colon/fold1_00002024.png,train
Colon/fold1_00002025.png,train
Colon/fold1_00002027.png,train
Colon/fold1_00002028.png,train
Colon/fold1_00002029.png,train
Colon/fold1_00002030.png,train
Colon/fold1_00002031.png,train
Colon/fold1_00002032.png,train
Colon/fold1_00002033.png,train
Colon/fold1_00002035.png,train
Colon/fold1_00002036.png,train
Colon/fold1_00002037.png,train
Colon/fold1_00002038.png,train
Colon/fold1_00002039.png,train
Colon/fold1_00002040.png,train
Colon/fold1_00002041.png,train
Colon/fold1_00002042.png,train
Colon/fold1_00002043.png,train
Colon/fold1_00002044.png,train
Colon/fold1_00002045.png,train
Colon/fold1_00002046.png,train
Colon/fold1_00002047.png,train
Colon/fold1_00002048.png,train
Colon/fold1_00002049.png,train
Colon/fold1_00002050.png,train
Colon/fold1_00002051.png,train
Colon/fold1_00002052.png,train
Colon/fold1_00002053.png,train
Colon/fold1_00002054.png,train
Colon/fold1_00002055.png,train
Colon/fold1_00002056.png,train
Colon/fold1_00002057.png,train
Colon/fold1_00002058.png,train
Colon/fold1_00002059.png,train
Colon/fold1_00002592.png,train
Colon/fold1_00002593.png,train
Colon/fold1_00002594.png,train
Colon/fold1_00002595.png,train
Colon/fold1_00002597.png,train
Colon/fold1_00002598.png,train
Colon/fold1_00002599.png,train
Colon/fold1_00002600.png,train
Colon/fold1_00002601.png,train
Colon/fold1_00002602.png,train
Colon/fold1_00002603.png,train
Colon/fold1_00002604.png,train
Colon/fold1_00002605.png,train
Colon/fold1_00002606.png,train
Colon/fold1_00002607.png,train
Colon/fold1_00002608.png,train
Colon/fold1_00002609.png,train
Colon/fold1_00002610.png,train
Colon/fold1_00002611.png,train
Colon/fold1_00002612.png,train
Colon/fold1_00002613.png,train
Colon/fold1_00002614.png,train
Colon/fold1_00002615.png,train
Colon/fold1_00002616.png,train
Colon/fold1_00002617.png,train
Colon/fold1_00002618.png,train
Colon/fold1_00002619.png,train
Colon/fold1_00002620.png,train
Colon/fold1_00002621.png,train
Colon/fold1_00002622.png,train
Colon/fold1_00002624.png,train
Colon/fold1_00002625.png,train
Colon/fold1_00002626.png,train
Colon/fold1_00002627.png,train
Colon/fold1_00002628.png,train
Colon/fold1_00002629.png,train
Colon/fold1_00002630.png,train
Colon/fold1_00002631.png,train
Colon/fold1_00002632.png,train
Colon/fold1_00002633.png,train
Colon/fold1_00002634.png,train
Colon/fold1_00002635.png,train
Colon/fold1_00002636.png,train
Colon/fold1_00002637.png,train
Colon/fold1_00002638.png,train
Colon/fold1_00002639.png,train
Colon/fold1_00002640.png,train
Colon/fold1_00002641.png,train
Colon/fold1_00002642.png,train
Colon/fold1_00002643.png,train
Colon/fold1_00002644.png,train
Colon/fold1_00002645.png,train
Colon/fold1_00002646.png,train
Colon/fold1_00002647.png,train
Colon/fold1_00002648.png,train
Colon/fold1_00002649.png,train
Colon/fold1_00002650.png,train
Colon/fold1_00002651.png,train
Colon/fold1_00002652.png,train
Colon/fold1_00002653.png,train
Colon/fold1_00002654.png,train
Colon/fold1_00002655.png,train
Colon/fold2_00000677.png,train
Colon/fold2_00000678.png,train
Colon/fold2_00000679.png,train
Colon/fold2_00000681.png,train
Colon/fold2_00000682.png,train
Colon/fold2_00000683.png,train
Colon/fold2_00000684.png,train
Colon/fold2_00000685.png,train
Colon/fold2_00000686.png,train
Colon/fold2_00000688.png,train
Colon/fold2_00000689.png,train
Colon/fold2_00000690.png,train
Colon/fold2_00000691.png,train
Colon/fold2_00000692.png,train
Colon/fold2_00000693.png,train
Colon/fold2_00000694.png,train
Colon/fold2_00000695.png,train
Colon/fold2_00000696.png,train
Colon/fold2_00000697.png,train
Colon/fold2_00000698.png,train
Colon/fold2_00000699.png,train
Colon/fold2_00000700.png,train
Colon/fold2_00000701.png,train
Colon/fold2_00000702.png,train
Colon/fold2_00000704.png,train
Colon/fold2_00000705.png,train
Colon/fold2_00000706.png,train
Colon/fold2_00000707.png,train
Colon/fold2_00000708.png,train
Colon/fold2_00000709.png,train
Colon/fold2_00000710.png,train
Colon/fold2_00000711.png,train
Colon/fold2_00000712.png,train
Colon/fold2_00000713.png,train
Colon/fold2_00000714.png,train
Colon/fold2_00000715.png,train
Colon/fold2_00000716.png,train
Colon/fold2_00000717.png,train
Colon/fold2_00000718.png,train
Colon/fold2_00000719.png,train
Colon/fold2_00000720.png,train
Colon/fold2_00000721.png,train
Colon/fold2_00000722.png,train
Colon/fold2_00000723.png,train
Colon/fold2_00000724.png,train
Colon/fold2_00000725.png,train
Colon/fold2_00000726.png,train
Colon/fold2_00000727.png,train
Colon/fold2_00000728.png,train
Colon/fold2_00000729.png,train
Colon/fold2_00000730.png,train
Colon/fold2_00000731.png,train
Colon/fold2_00000732.png,train
Colon/fold2_00000734.png,train
Colon/fold2_00000735.png,train
Colon/fold2_00000736.png,train
Colon/fold2_00000737.png,train
Colon/fold2_00000738.png,train
Colon/fold2_00000739.png,train
Colon/fold2_00000740.png,train
Colon/fold2_00000741.png,train
Colon/fold2_00000743.png,train
Colon/fold2_00000744.png,train
Colon/fold2_00000745.png,train
Colon/fold2_00000746.png,train
Colon/fold2_00000747.png,train
Colon/fold2_00000748.png,train
Colon/fold2_00000749.png,train
Colon/fold2_00000750.png,train
Colon/fold2_00000751.png,train
Colon/fold2_00000752.png,train
Colon/fold2_00000753.png,train
Colon/fold2_00000754.png,train
Colon/fold2_00000755.png,train
Colon/fold2_00000756.png,train
Colon/fold2_00000757.png,train
Colon/fold2_00000758.png,train
Colon/fold2_00000759.png,train
Colon/fold2_00000760.png,train
Colon/fold2_00000761.png,train
Colon/fold2_00000762.png,train
Colon/fold2_00000763.png,train
Colon/fold2_00000764.png,train
Colon/fold2_00000765.png,train
Colon/fold2_00000766.png,train
Colon/fold2_00000767.png,train
Colon/fold2_00000768.png,train
Colon/fold2_00000769.png,train
Colon/fold2_00000770.png,train
Colon/fold2_00000794.png,train
Colon/fold2_00000795.png,train
Colon/fold2_00000796.png,train
Colon/fold2_00000797.png,train
Colon/fold2_00000849.png,train
Colon/fold2_00000850.png,train
Colon/fold2_00000851.png,train
Colon/fold2_00000852.png,train
Colon/fold2_00000853.png,train
Colon/fold2_00000854.png,train
Colon/fold2_00001295.png,train
Colon/fold2_00001296.png,train
Colon/fold2_00001298.png,train
Colon/fold2_00001299.png,train
Colon/fold2_00001300.png,train
Colon/fold2_00001301.png,train
Colon/fold2_00001302.png,train
Colon/fold2_00001303.png,train
Colon/fold2_00001304.png,train
Colon/fold2_00001305.png,train
Colon/fold2_00001306.png,train
Colon/fold2_00001307.png,train
Colon/fold2_00001308.png,train
Colon/fold2_00001309.png,train
Colon/fold2_00001310.png,train
Colon/fold2_00001311.png,train
Colon/fold2_00001312.png,train
Colon/fold2_00001313.png,train
Colon/fold2_00001314.png,train
Colon/fold2_00001315.png,train
Colon/fold2_00001316.png,train
Colon/fold2_00001317.png,train
Colon/fold2_00001318.png,train
Colon/fold2_00001319.png,train
Colon/fold2_00001321.png,train
Colon/fold2_00001322.png,train
Colon/fold2_00001323.png,train
Colon/fold2_00001324.png,train
Colon/fold2_00001325.png,train
Colon/fold2_00001326.png,train
Colon/fold2_00001327.png,train
Colon/fold2_00001328.png,train
Colon/fold2_00001329.png,train
Colon/fold2_00001330.png,train
Colon/fold2_00001331.png,train
Colon/fold2_00001575.png,train
Colon/fold2_00001576.png,train
Colon/fold2_00001577.png,train
Colon/fold2_00001578.png,train
Colon/fold2_00001579.png,train
Colon/fold2_00001580.png,train
Colon/fold2_00001581.png,train
Colon/fold2_00001582.png,train
Colon/fold2_00001583.png,train
Colon/fold2_00001584.png,train
Colon/fold2_00001585.png,train
Colon/fold2_00001586.png,train
Colon/fold2_00001587.png,train
Colon/fold2_00001588.png,train
Colon/fold2_00001589.png,train
Colon/fold2_00001590.png,train
Colon/fold2_00001591.png,train
Colon/fold2_00001592.png,train
Colon/fold2_00001593.png,train
Colon/fold2_00001594.png,train
Colon/fold2_00001595.png,train
Colon/fold2_00001596.png,train
Colon/fold2_00001597.png,train
Colon/fold2_00001600.png,train
Colon/fold2_00001601.png,train
Colon/fold2_00001602.png,train
Colon/fold2_00001604.png,train
Colon/fold2_00001605.png,train
Colon/fold2_00001606.png,train
Colon/fold2_00001607.png,train
Colon/fold2_00001608.png,train
Colon/fold2_00001609.png,train
Colon/fold2_00001610.png,train
Colon/fold2_00001611.png,train
Colon/fold2_00001612.png,train
Colon/fold2_00001613.png,train
Colon/fold2_00001614.png,train
Colon/fold2_00001615.png,train
Colon/fold2_00001616.png,train
Colon/fold2_00001617.png,train
Colon/fold2_00001618.png,train
Colon/fold2_00001619.png,train
Colon/fold2_00001620.png,train
Colon/fold2_00001621.png,train
Colon/fold2_00001622.png,train
Colon/fold2_00001623.png,train
Colon/fold2_00001624.png,train
Colon/fold2_00001625.png,train
Colon/fold2_00001626.png,train
Colon/fold2_00001627.png,train
Colon/fold2_00001628.png,train
Colon/fold2_00001629.png,train
Colon/fold2_00001630.png,train
Colon/fold2_00001631.png,train
Colon/fold2_00001632.png,train
Colon/fold2_00001633.png,train
Colon/fold2_00001634.png,train
Colon/fold2_00001635.png,train
Colon/fold2_00001636.png,train
Colon/fold2_00001637.png,train
Colon/fold2_00001638.png,train
Colon/fold2_00001639.png,train
Colon/fold2_00001640.png,train
Colon/fold2_00001641.png,train
Colon/fold2_00001642.png,train
Colon/fold2_00001643.png,train
Colon/fold2_00001644.png,train
Colon/fold2_00001645.png,train
Colon/fold2_00001646.png,train
Colon/fold2_00001647.png,train
Colon/fold2_00001648.png,train
Colon/fold2_00001649.png,train
Colon/fold2_00001650.png,train
Colon/fold2_00001651.png,train
Colon/fold2_00001652.png,train
Colon/fold2_00001653.png,train
Colon/fold2_00001654.png,train
Colon/fold2_00001655.png,train
Colon/fold2_00001656.png,train
Colon/fold2_00001657.png,train
Colon/fold2_00001658.png,train
Colon/fold2_00001659.png,train
Colon/fold2_00001660.png,train
Colon/fold2_00001661.png,train
Colon/fold2_00001662.png,train
Colon/fold2_00001663.png,train
Colon/fold2_00001664.png,train
Colon/fold2_00001665.png,train
Colon/fold2_00001666.png,train
Colon/fold2_00001667.png,train
Colon/fold2_00001668.png,train
Colon/fold2_00001669.png,train
Colon/fold2_00001670.png,train
Colon/fold2_00001671.png,train
Colon/fold2_00001672.png,train
Colon/fold2_00001673.png,train
Colon/fold2_00001674.png,train
Colon/fold2_00001675.png,train
Colon/fold2_00001676.png,train
Colon/fold2_00001677.png,train
Colon/fold2_00001678.png,train
Colon/fold2_00001679.png,train
Colon/fold2_00001680.png,train
Colon/fold2_00001681.png,train
Colon/fold2_00001682.png,train
Colon/fold2_00001683.png,train
Colon/fold2_00001684.png,train
Colon/fold2_00001685.png,train
Colon/fold2_00001686.png,train
Colon/fold2_00001687.png,train
Colon/fold2_00001688.png,train
Colon/fold2_00001689.png,train
Colon/fold2_00001690.png,train
Colon/fold2_00001691.png,train
Colon/fold2_00001692.png,train
Colon/fold2_00001693.png,train
Colon/fold2_00001694.png,train
Colon/fold2_00001695.png,train
Colon/fold2_00001696.png,train
Colon/fold2_00001697.png,train
Colon/fold2_00001698.png,train
Colon/fold2_00001699.png,train
Colon/fold2_00001700.png,train
Colon/fold2_00001701.png,train
Colon/fold2_00001702.png,train
Colon/fold2_00001703.png,train
Colon/fold2_00001704.png,train
Colon/fold2_00001705.png,train
Colon/fold2_00001706.png,train
Colon/fold2_00001707.png,train
Colon/fold2_00001708.png,train
Colon/fold2_00001709.png,train
Colon/fold2_00001710.png,train
Colon/fold2_00001711.png,train
Colon/fold2_00001712.png,train
Colon/fold2_00001713.png,train
Colon/fold2_00001714.png,train
Colon/fold2_00001715.png,train
Colon/fold2_00001716.png,train
Colon/fold2_00001717.png,train
Colon/fold2_00001718.png,train
Colon/fold2_00001719.png,train
Colon/fold2_00001720.png,train
Colon/fold2_00001721.png,train
Colon/fold2_00001722.png,train
Colon/fold2_00001723.png,train
Colon/fold2_00001724.png,train
Colon/fold2_00001725.png,train
Colon/fold2_00001726.png,train
Colon/fold2_00001727.png,train
Colon/fold2_00001728.png,train
Colon/fold2_00001729.png,train
Colon/fold2_00001730.png,train
Colon/fold2_00001731.png,train
Colon/fold2_00001732.png,train
Colon/fold2_00001733.png,train
Colon/fold2_00001734.png,train
Colon/fold2_00001735.png,train
Colon/fold2_00001736.png,train
Colon/fold2_00001737.png,train
Colon/fold2_00001738.png,train
Colon/fold2_00001739.png,train
Colon/fold2_00001740.png,train
Colon/fold2_00001741.png,train
Colon/fold2_00001742.png,train
Colon/fold2_00001743.png,train
Colon/fold2_00001744.png,train
Colon/fold2_00001745.png,train
Colon/fold2_00001746.png,train
Colon/fold2_00001747.png,train
Colon/fold2_00001748.png,train
Colon/fold2_00001749.png,train
Colon/fold2_00001750.png,train
Colon/fold2_00001751.png,train
Colon/fold2_00001752.png,train
Colon/fold2_00001753.png,train
Colon/fold2_00001754.png,train
Colon/fold2_00001755.png,train
Colon/fold2_00001756.png,train
Colon/fold2_00001757.png,train
Colon/fold2_00001758.png,train
Colon/fold2_00001759.png,train
Colon/fold2_00001760.png,train
Colon/fold2_00001761.png,train
Colon/fold2_00001762.png,train
Colon/fold2_00001763.png,train
Colon/fold2_00001764.png,train
Colon/fold2_00001765.png,train
Colon/fold2_00001766.png,train
Colon/fold2_00001767.png,train
Colon/fold2_00001768.png,train
Colon/fold2_00001769.png,train
Colon/fold2_00001770.png,train
Colon/fold2_00001771.png,train
Colon/fold2_00001772.png,train
Colon/fold2_00001773.png,train
Colon/fold2_00001774.png,train
Colon/fold2_00001775.png,train
Colon/fold2_00001776.png,train
Colon/fold2_00001777.png,train
Colon/fold2_00001778.png,train
Colon/fold2_00001779.png,train
Colon/fold2_00001780.png,train
Colon/fold2_00001781.png,train
Colon/fold2_00001783.png,train
Colon/fold2_00001784.png,train
Colon/fold2_00001785.png,train
Colon/fold2_00001786.png,train
Colon/fold2_00001787.png,train
Colon/fold2_00001788.png,train
Colon/fold2_00001789.png,train
Colon/fold2_00001790.png,train
Colon/fold2_00001791.png,train
Colon/fold2_00001792.png,train
Colon/fold2_00001793.png,train
Colon/fold2_00001794.png,train
Colon/fold2_00001795.png,train
Colon/fold2_00001796.png,train
Colon/fold2_00001797.png,train
Colon/fold2_00001798.png,train
Colon/fold2_00001799.png,train
Colon/fold2_00001800.png,train
Colon/fold2_00001801.png,train
Colon/fold2_00001802.png,train
Colon/fold2_00001803.png,train
Colon/fold2_00001804.png,train
Colon/fold2_00001805.png,train
Colon/fold2_00001806.png,train
Colon/fold2_00001807.png,train
Colon/fold2_00001808.png,train
Colon/fold2_00001809.png,train
Colon/fold2_00001810.png,train
Colon/fold2_00002432.png,train
Colon/fold2_00002433.png,train
Colon/fold2_00002434.png,train
Colon/fold2_00002436.png,train
Colon/fold2_00002437.png,train
Colon/fold2_00002438.png,train
Colon/fold2_00002439.png,train
Colon/fold2_00002440.png,train
Colon/fold2_00002441.png,train
Colon/fold2_00002442.png,train
Colon/fold2_00002444.png,train
Colon/fold2_00002445.png,train
Colon/fold2_00002446.png,train
Colon/fold2_00002447.png,train
Colon/fold2_00002448.png,train
Colon/fold2_00002449.png,train
Colon/fold2_00002450.png,train
Colon/fold2_00002451.png,train
Colon/fold2_00002452.png,train
Colon/fold2_00002453.png,train
Colon/fold2_00002454.png,train
Colon/fold2_00002455.png,train
Colon/fold2_00002456.png,train
Colon/fold2_00002457.png,train
Colon/fold2_00002458.png,train
Colon/fold2_00002459.png,train
Colon/fold2_00002460.png,train
Colon/fold2_00002461.png,train
Colon/fold2_00002462.png,train
Colon/fold2_00002463.png,train
Colon/fold2_00002464.png,train
Colon/fold2_00002465.png,train
Colon/fold2_00002466.png,train
Colon/fold2_00002467.png,train
Colon/fold2_00002468.png,train
Colon/fold2_00002469.png,train
Colon/fold2_00002470.png,train
Colon/fold2_00002471.png,train
Colon/fold2_00002472.png,train
Colon/fold2_00002473.png,train
Colon/fold2_00002474.png,train
Colon/fold2_00002475.png,train
Colon/fold2_00002476.png,train
Colon/fold2_00002477.png,train
Colon/fold2_00002478.png,train
Colon/fold2_00002479.png,train
Colon/fold2_00002480.png,train
Colon/fold2_00002481.png,train
Colon/fold2_00002482.png,train
Colon/fold2_00002483.png,train
Colon/fold2_00002484.png,train
Colon/fold2_00002485.png,train
Colon/fold2_00002486.png,train
Colon/fold2_00002487.png,train
Colon/fold2_00002488.png,train
Colon/fold2_00002489.png,train
Colon/fold2_00002490.png,train
Colon/fold2_00002491.png,train
Colon/fold2_00002492.png,train
Colon/fold2_00002493.png,train
Colon/fold2_00002494.png,train
Colon/fold2_00002495.png,train
Colon/fold2_00002496.png,train
Colon/fold2_00002497.png,train
Colon/fold2_00002498.png,train
Colon/fold2_00002499.png,train
Colon/fold2_00002500.png,train
Colon/fold2_00002501.png,train
Colon/fold2_00002502.png,train
Colon/fold2_00002503.png,train
Colon/fold2_00002504.png,train
Colon/fold2_00002505.png,train
Colon/fold2_00002506.png,train
Colon/fold2_00002507.png,train
Colon/fold2_00002508.png,train
Colon/fold2_00002509.png,train
Colon/fold2_00002510.png,train
Colon/fold2_00002511.png,train
Colon/fold2_00002512.png,train
Colon/fold2_00002513.png,train
Colon/fold2_00002514.png,train
Colon/fold2_00002515.png,train
Colon/fold2_00002516.png,train
Colon/fold2_00002517.png,train
Colon/fold2_00002518.png,train
Colon/fold2_00002519.png,train
Colon/fold2_00002520.png,train
Colon/fold2_00002521.png,train
Colon/fold2_00002522.png,train
Colon/fold3_00000706.png,train
Colon/fold3_00000707.png,train
Colon/fold3_00000708.png,train
Colon/fold3_00000709.png,train
Colon/fold3_00000710.png,train
Colon/fold3_00000711.png,train
Colon/fold3_00000712.png,train
Colon/fold3_00000713.png,train
Colon/fold3_00000714.png,train
Colon/fold3_00000715.png,train
Colon/fold3_00000716.png,train
Colon/fold3_00000717.png,train
Colon/fold3_00000718.png,train
Colon/fold3_00000719.png,train
Colon/fold3_00000720.png,train
Colon/fold3_00000721.png,train
Colon/fold3_00000722.png,train
Colon/fold3_00000723.png,train
Colon/fold3_00000724.png,train
Colon/fold3_00000725.png,train
Colon/fold3_00000726.png,train
Colon/fold3_00000727.png,train
Colon/fold3_00000728.png,train
Colon/fold3_00000729.png,train
Colon/fold3_00000730.png,train
Colon/fold3_00000731.png,train
Colon/fold3_00000732.png,train
Colon/fold3_00000733.png,train
Colon/fold3_00000734.png,train
Colon/fold3_00000735.png,train
Colon/fold3_00000737.png,train
Colon/fold3_00000738.png,train
Colon/fold3_00000739.png,train
Colon/fold3_00000740.png,train
Colon/fold3_00000741.png,train
Colon/fold3_00000742.png,train
Colon/fold3_00000743.png,train
Colon/fold3_00000744.png,train
Colon/fold3_00000745.png,train
Colon/fold3_00000746.png,train
Colon/fold3_00000747.png,train
Colon/fold3_00000748.png,train
Colon/fold3_00000749.png,train
Colon/fold3_00000750.png,train
Colon/fold3_00000751.png,train
Colon/fold3_00000752.png,train
Colon/fold3_00000753.png,train
Colon/fold3_00000754.png,train
Colon/fold3_00000755.png,train
Colon/fold3_00000757.png,train
Colon/fold3_00000758.png,train
Colon/fold3_00000759.png,train
Colon/fold3_00000760.png,train
Colon/fold3_00000761.png,train
Colon/fold3_00000762.png,train
Colon/fold3_00000763.png,train
Colon/fold3_00000764.png,train
Colon/fold3_00000765.png,train
Colon/fold3_00000766.png,train
Colon/fold3_00000767.png,train
Colon/fold3_00000768.png,train
Colon/fold3_00000769.png,train
Colon/fold3_00000770.png,train
Colon/fold3_00000771.png,train
Colon/fold3_00000772.png,train
Colon/fold3_00000773.png,train
Colon/fold3_00000774.png,train
Colon/fold3_00000775.png,train
Colon/fold3_00000776.png,train
Colon/fold3_00000777.png,train
Colon/fold3_00000778.png,train
Colon/fold3_00000779.png,train
Colon/fold3_00000780.png,train
Colon/fold3_00000781.png,train
Colon/fold3_00000782.png,train
Colon/fold3_00000783.png,train
Colon/fold3_00000784.png,train
Colon/fold3_00000785.png,train
Colon/fold3_00000786.png,train
Colon/fold3_00000787.png,train
Colon/fold3_00000788.png,train
Colon/fold3_00000790.png,train
Colon/fold3_00000791.png,train
Colon/fold3_00000792.png,train
Colon/fold3_00000793.png,train
Colon/fold3_00000794.png,train
Colon/fold3_00000795.png,train
Colon/fold3_00000796.png,train
Colon/fold3_00000797.png,train
Colon/fold3_00000798.png,train
Colon/fold3_00000799.png,train
Colon/fold3_00000801.png,train
Colon/fold3_00000802.png,train
Colon/fold3_00000803.png,train
Colon/fold3_00000804.png,train
Colon/fold3_00000805.png,train
Colon/fold3_00000806.png,train
Colon/fold3_00000807.png,train
Colon/fold3_00000808.png,train
Colon/fold3_00000809.png,train
Colon/fold3_00000810.png,train
Colon/fold3_00000811.png,train
Colon/fold3_00000812.png,train
Colon/fold3_00000813.png,train
Colon/fold3_00000814.png,train
Colon/fold3_00000815.png,train
Colon/fold3_00000841.png,train
Colon/fold3_00000842.png,train
Colon/fold3_00001350.png,train
Colon/fold3_00001351.png,train
Colon/fold3_00001352.png,train
Colon/fold3_00001353.png,train
Colon/fold3_00001354.png,train
Colon/fold3_00001355.png,train
Colon/fold3_00001356.png,train
Colon/fold3_00001357.png,train
Colon/fold3_00001358.png,train
Colon/fold3_00001359.png,train
Colon/fold3_00001360.png,train
Colon/fold3_00001361.png,train
Colon/fold3_00001363.png,train
Colon/fold3_00001364.png,train
Colon/fold3_00001365.png,train
Colon/fold3_00001366.png,train
Colon/fold3_00001367.png,train
Colon/fold3_00001368.png,train
Colon/fold3_00001369.png,train
Colon/fold3_00001370.png,train
Colon/fold3_00001371.png,train
Colon/fold3_00001372.png,train
Colon/fold3_00001373.png,train
Colon/fold3_00001374.png,train
Colon/fold3_00001375.png,train
Colon/fold3_00001376.png,train
Colon/fold3_00001377.png,train
Colon/fold3_00001378.png,train
Colon/fold3_00001380.png,train
Colon/fold3_00001381.png,train
Colon/fold3_00001382.png,train
Colon/fold3_00001383.png,train
Colon/fold3_00001384.png,train
Colon/fold3_00001385.png,train
Colon/fold3_00001386.png,train
Colon/fold3_00001387.png,train
Colon/fold3_00001388.png,train
Colon/fold3_00001389.png,train
Colon/fold3_00001390.png,train
Colon/fold3_00001391.png,train
Colon/fold3_00001392.png,train
Colon/fold3_00001393.png,train
Colon/fold3_00001394.png,train
Colon/fold3_00001395.png,train
Colon/fold3_00001396.png,train
Colon/fold3_00001397.png,train
Colon/fold3_00001701.png,train
Colon/fold3_00001702.png,train
Colon/fold3_00001703.png,train
Colon/fold3_00001704.png,train
Colon/fold3_00001706.png,train
Colon/fold3_00001707.png,train
Colon/fold3_00001708.png,train
Colon/fold3_00001709.png,train
Colon/fold3_00001710.png,train
Colon/fold3_00001711.png,train
Colon/fold3_00001712.png,train
Colon/fold3_00001713.png,train
Colon/fold3_00001714.png,train
Colon/fold3_00001715.png,train
Colon/fold3_00001716.png,train
Colon/fold3_00001717.png,train
Colon/fold3_00001718.png,train
Colon/fold3_00001719.png,train
Colon/fold3_00001720.png,train
Colon/fold3_00001721.png,train
Colon/fold3_00001722.png,train
Colon/fold3_00001723.png,train
Colon/fold3_00001724.png,train
Colon/fold3_00001725.png,train
Colon/fold3_00001726.png,train
Colon/fold3_00001727.png,train
Colon/fold3_00001728.png,train
Colon/fold3_00001729.png,train
Colon/fold3_00001730.png,train
Colon/fold3_00001731.png,train
Colon/fold3_00001732.png,train
Colon/fold3_00001734.png,train
Colon/fold3_00001735.png,train
Colon/fold3_00001736.png,train
Colon/fold3_00001737.png,train
Colon/fold3_00001738.png,train
Colon/fold3_00001739.png,train
Colon/fold3_00001740.png,train
Colon/fold3_00001741.png,train
Colon/fold3_00001742.png,train
Colon/fold3_00001743.png,train
Colon/fold3_00001744.png,train
Colon/fold3_00001745.png,train
Colon/fold3_00001746.png,train
Colon/fold3_00001747.png,train
Colon/fold3_00001748.png,train
Colon/fold3_00001749.png,train
Colon/fold3_00001750.png,train
Colon/fold3_00001751.png,train
Colon/fold3_00001753.png,train
Colon/fold3_00001754.png,train
Colon/fold3_00001755.png,train
Colon/fold3_00001756.png,train
Colon/fold3_00001757.png,train
Colon/fold3_00001758.png,train
Colon/fold3_00001759.png,train
Colon/fold3_00001760.png,train
Colon/fold3_00001762.png,train
Colon/fold3_00001763.png,train
Colon/fold3_00001764.png,train
Colon/fold3_00001765.png,train
Colon/fold3_00001766.png,train
Colon/fold3_00001767.png,train
Colon/fold3_00001768.png,train
Colon/fold3_00001769.png,train
Colon/fold3_00001770.png,train
Colon/fold3_00001771.png,train
Colon/fold3_00001772.png,train
Colon/fold3_00001773.png,train
Colon/fold3_00001774.png,train
Colon/fold3_00001775.png,train
Colon/fold3_00001776.png,train
Colon/fold3_00001777.png,train
Colon/fold3_00001778.png,train
Colon/fold3_00001779.png,train
Colon/fold3_00001782.png,train
Colon/fold3_00001783.png,train
Colon/fold3_00001784.png,train
Colon/fold3_00001785.png,train
Colon/fold3_00001786.png,train
Colon/fold3_00001787.png,train
Colon/fold3_00001788.png,train
Colon/fold3_00001789.png,train
Colon/fold3_00001792.png,train
Colon/fold3_00001793.png,train
Colon/fold3_00001794.png,train
Colon/fold3_00001795.png,train
Colon/fold3_00001796.png,train
Colon/fold3_00001797.png,train
Colon/fold3_00001798.png,train
Colon/fold3_00001799.png,train
Colon/fold3_00001800.png,train
Colon/fold3_00001801.png,train
Colon/fold3_00001802.png,train
Colon/fold3_00001803.png,train
Colon/fold3_00001804.png,train
Colon/fold3_00001805.png,train
Colon/fold3_00001806.png,train
Colon/fold3_00001807.png,train
Colon/fold3_00001808.png,train
Colon/fold3_00001809.png,train
Colon/fold3_00001810.png,train
Colon/fold3_00001811.png,train
Colon/fold3_00001814.png,train
Colon/fold3_00001815.png,train
Colon/fold3_00001816.png,train
Colon/fold3_00001817.png,train
Colon/fold3_00001818.png,train
Colon/fold3_00001819.png,train
Colon/fold3_00001820.png,train
Colon/fold3_00001821.png,train
Colon/fold3_00001822.png,train
Colon/fold3_00001823.png,train
Colon/fold3_00001824.png,train
Colon/fold3_00001825.png,train
Colon/fold3_00001826.png,train
Colon/fold3_00001827.png,train
Colon/fold3_00001828.png,train
Colon/fold3_00001829.png,train
Colon/fold3_00001830.png,train
Colon/fold3_00001831.png,train
Colon/fold3_00001832.png,train
Colon/fold3_00001833.png,train
Colon/fold3_00001834.png,train
Colon/fold3_00001835.png,train
Colon/fold3_00001836.png,train
Colon/fold3_00001837.png,train
Colon/fold3_00001838.png,train
Colon/fold3_00001839.png,train
Colon/fold3_00001840.png,train
Colon/fold3_00001841.png,train
Colon/fold3_00001842.png,train
Colon/fold3_00001843.png,train
Colon/fold3_00001844.png,train
Colon/fold3_00001845.png,train
Colon/fold3_00001846.png,train
Colon/fold3_00001847.png,train
Colon/fold3_00001848.png,train
Colon/fold3_00001849.png,train
Colon/fold3_00001850.png,train
Colon/fold3_00001851.png,train
Colon/fold3_00001852.png,train
Colon/fold3_00001853.png,train
Colon/fold3_00001854.png,train
Colon/fold3_00001855.png,train
Colon/fold3_00001856.png,train
Colon/fold3_00001857.png,train
Colon/fold3_00001858.png,train
Colon/fold3_00001859.png,train
Colon/fold3_00001860.png,train
Colon/fold3_00001861.png,train
Colon/fold3_00001862.png,train
Colon/fold3_00001864.png,train
Colon/fold3_00001865.png,train
Colon/fold3_00001866.png,train
Colon/fold3_00001867.png,train
Colon/fold3_00001868.png,train
Colon/fold3_00001869.png,train
Colon/fold3_00001870.png,train
Colon/fold3_00001871.png,train
Colon/fold3_00001872.png,train
Colon/fold3_00001873.png,train
Colon/fold3_00001874.png,train
Colon/fold3_00001875.png,train
Colon/fold3_00001876.png,train
Colon/fold3_00001877.png,train
Colon/fold3_00001878.png,train
Colon/fold3_00001879.png,train
Colon/fold3_00001880.png,train
Colon/fold3_00001881.png,train
Colon/fold3_00001882.png,train
Colon/fold3_00001883.png,train
Colon/fold3_00001884.png,train
Colon/fold3_00001885.png,train
Colon/fold3_00001886.png,train
Colon/fold3_00001887.png,train
Colon/fold3_00001888.png,train
Colon/fold3_00001889.png,train
Colon/fold3_00001890.png,train
Colon/fold3_00001891.png,train
Colon/fold3_00001892.png,train
Colon/fold3_00001893.png,train
Colon/fold3_00001894.png,train
Colon/fold3_00001895.png,train
Colon/fold3_00001896.png,train
Colon/fold3_00001897.png,train
Colon/fold3_00001898.png,train
Colon/fold3_00001899.png,train
Colon/fold3_00001900.png,train
Colon/fold3_00001901.png,train
Colon/fold3_00001902.png,train
Colon/fold3_00001903.png,train
Colon/fold3_00001904.png,train
Colon/fold3_00001905.png,train
Colon/fold3_00001906.png,train
Colon/fold3_00001907.png,train
Colon/fold3_00001908.png,train
Colon/fold3_00001909.png,train
Colon/fold3_00001910.png,train
Colon/fold3_00001911.png,train
Colon/fold3_00001912.png,train
Colon/fold3_00001913.png,train
Colon/fold3_00001914.png,train
Colon/fold3_00001915.png,train
Colon/fold3_00001916.png,train
Colon/fold3_00001917.png,train
Colon/fold3_00001918.png,train
Colon/fold3_00001919.png,train
Colon/fold3_00001920.png,train
Colon/fold3_00001921.png,train
Colon/fold3_00001922.png,train
Colon/fold3_00001923.png,train
Colon/fold3_00001924.png,train
Colon/fold3_00001925.png,train
Colon/fold3_00001926.png,train
Colon/fold3_00001927.png,train
Colon/fold3_00001928.png,train
Colon/fold3_00001929.png,train
Colon/fold3_00001930.png,train
Colon/fold3_00001931.png,train
Colon/fold3_00001932.png,train
Colon/fold3_00001933.png,train
Colon/fold3_00001934.png,train
Colon/fold3_00001935.png,train
Colon/fold3_00001936.png,train
Colon/fold3_00001937.png,train
Colon/fold3_00001938.png,train
Colon/fold3_00001939.png,train
Colon/fold3_00001940.png,train
Colon/fold3_00001942.png,train
Colon/fold3_00001943.png,train
Colon/fold3_00001944.png,train
Colon/fold3_00001945.png,train
Colon/fold3_00001946.png,train
Colon/fold3_00002634.png,train
Colon/fold3_00002635.png,train
Colon/fold3_00002636.png,train
Colon/fold3_00002638.png,train
Colon/fold3_00002639.png,train
Colon/fold3_00002640.png,train
Colon/fold3_00002641.png,train
Colon/fold3_00002642.png,train
Colon/fold3_00002643.png,train
Colon/fold3_00002644.png,train
Colon/fold3_00002645.png,train
Colon/fold3_00002646.png,train
Colon/fold3_00002647.png,train
Colon/fold3_00002648.png,train
Colon/fold3_00002649.png,train
Colon/fold3_00002650.png,train
Colon/fold3_00002651.png,train
Colon/fold3_00002652.png,train
Colon/fold3_00002654.png,train
Colon/fold3_00002655.png,train
Colon/fold3_00002656.png,train
Colon/fold3_00002657.png,train
Colon/fold3_00002658.png,train
Colon/fold3_00002659.png,train
Colon/fold3_00002660.png,train
Colon/fold3_00002661.png,train
Colon/fold3_00002662.png,train
Colon/fold3_00002663.png,train
Colon/fold3_00002665.png,train
Colon/fold3_00002666.png,train
Colon/fold3_00002667.png,train
Colon/fold3_00002668.png,train
Colon/fold3_00002669.png,train
Colon/fold3_00002670.png,train
Colon/fold3_00002671.png,train
Colon/fold3_00002672.png,train
Colon/fold3_00002673.png,train
Colon/fold3_00002674.png,train
Colon/fold3_00002675.png,train
Colon/fold3_00002676.png,train
Colon/fold3_00002677.png,train
Colon/fold3_00002678.png,train
Colon/fold3_00002679.png,train
Colon/fold3_00002680.png,train
Colon/fold3_00002681.png,train
Colon/fold3_00002682.png,train
Colon/fold3_00002683.png,train
Colon/fold3_00002684.png,train
Colon/fold3_00002685.png,train
Colon/fold3_00002686.png,train
Colon/fold3_00002687.png,train
Colon/fold3_00002688.png,train
Colon/fold3_00002689.png,train
Colon/fold3_00002690.png,train
Colon/fold3_00002691.png,train
Colon/fold3_00002692.png,train
Colon/fold3_00002693.png,train
Colon/fold3_00002694.png,train
Colon/fold3_00002695.png,train
Colon/fold3_00002696.png,train
Colon/fold3_00002697.png,train
Colon/fold3_00002698.png,train
Colon/fold3_00002699.png,train
Colon/fold3_00002700.png,train
Colon/fold3_00002701.png,train
Colon/fold3_00002702.png,train
Colon/fold3_00002703.png,train
Colon/fold3_00002704.png,train
Colon/fold3_00002705.png,train
Colon/fold3_00002706.png,train
Colon/fold3_00002707.png,train
Colon/fold3_00002709.png,train
Colon/fold3_00002710.png,train
Colon/fold3_00002711.png,train
Colon/fold3_00002712.png,train
Colon/fold3_00002713.png,train
Colon/fold3_00002714.png,train
Colon/fold3_00002715.png,train
Colon/fold3_00002716.png,train
Colon/fold3_00002717.png,train
Colon/fold3_00002718.png,train
Colon/fold3_00002719.png,train
Colon/fold3_00002720.png,train
Colon/fold3_00002721.png,train
Esophagus/fold1_00000978.png,train
Esophagus/fold1_00000979.png,train
Esophagus/fold1_00000980.png,train
Esophagus/fold1_00000981.png,train
Esophagus/fold1_00000983.png,train
Esophagus/fold1_00000984.png,train
Esophagus/fold1_00000985.png,train
Esophagus/fold1_00000986.png,train
Esophagus/fold1_00000987.png,train
Esophagus/fold1_00000988.png,train
Esophagus/fold1_00000989.png,train
Esophagus/fold1_00000990.png,train
Esophagus/fold1_00000991.png,train
Esophagus/fold1_00000992.png,train
Esophagus/fold1_00000993.png,train
Esophagus/fold1_00000994.png,train
Esophagus/fold1_00000995.png,train
Esophagus/fold1_00000996.png,train
Esophagus/fold1_00000997.png,train
Esophagus/fold1_00000998.png,train
Esophagus/fold1_00000999.png,train
Esophagus/fold1_00001000.png,train
Esophagus/fold1_00001001.png,train
Esophagus/fold1_00001002.png,train
Esophagus/fold1_00001003.png,train
Esophagus/fold1_00001004.png,train
Esophagus/fold1_00001005.png,train
Esophagus/fold1_00001006.png,train
Esophagus/fold1_00001007.png,train
Esophagus/fold1_00001008.png,train
Esophagus/fold1_00001009.png,train
Esophagus/fold1_00001010.png,train
Esophagus/fold1_00001011.png,train
Esophagus/fold1_00001012.png,train
Esophagus/fold1_00001014.png,train
Esophagus/fold1_00001016.png,train
Esophagus/fold1_00001017.png,train
Esophagus/fold1_00001115.png,train
Esophagus/fold1_00001116.png,train
Esophagus/fold1_00001117.png,train
Esophagus/fold1_00001118.png,train
Esophagus/fold1_00001119.png,train
Esophagus/fold1_00001120.png,train
Esophagus/fold1_00001121.png,train
Esophagus/fold1_00001122.png,train
Esophagus/fold1_00001123.png,train
Esophagus/fold1_00001124.png,train
Esophagus/fold1_00001125.png,train
Esophagus/fold1_00001127.png,train
Esophagus/fold1_00001130.png,train
Esophagus/fold1_00001131.png,train
Esophagus/fold1_00001132.png,train
Esophagus/fold1_00001133.png,train
Esophagus/fold1_00001135.png,train
Esophagus/fold1_00001136.png,train
Esophagus/fold1_00001137.png,train
Esophagus/fold1_00001138.png,train
Esophagus/fold1_00001139.png,train
Esophagus/fold1_00001140.png,train
Esophagus/fold1_00001141.png,train
Esophagus/fold1_00001144.png,train
Esophagus/fold1_00001145.png,train
Esophagus/fold1_00001146.png,train
Esophagus/fold1_00001219.png,train
Esophagus/fold1_00001220.png,train
Esophagus/fold1_00001221.png,train
Esophagus/fold1_00001222.png,train
Esophagus/fold1_00001223.png,train
Esophagus/fold1_00001224.png,train
Esophagus/fold1_00001225.png,train
Esophagus/fold1_00001228.png,train
Esophagus/fold1_00001229.png,train
Esophagus/fold1_00001230.png,train
Esophagus/fold1_00001231.png,train
Esophagus/fold1_00001232.png,train
Esophagus/fold1_00001233.png,train
Esophagus/fold1_00001234.png,train
Esophagus/fold1_00001235.png,train
Esophagus/fold1_00001236.png,train
Esophagus/fold1_00001237.png,train
Esophagus/fold1_00001238.png,train
Esophagus/fold1_00001239.png,train
Esophagus/fold1_00001240.png,train
Esophagus/fold1_00001241.png,train
Esophagus/fold1_00001242.png,train
Esophagus/fold1_00001243.png,train
Esophagus/fold1_00001244.png,train
Esophagus/fold1_00001245.png,train
Esophagus/fold1_00001246.png,train
Esophagus/fold1_00001247.png,train
Esophagus/fold1_00001248.png,train
Esophagus/fold1_00001249.png,train
Esophagus/fold1_00001250.png,train
Esophagus/fold1_00001252.png,train
Esophagus/fold1_00001253.png,train
Esophagus/fold1_00001255.png,train
Esophagus/fold1_00001257.png,train
Esophagus/fold1_00001258.png,train
Esophagus/fold1_00001259.png,train
Esophagus/fold1_00001260.png,train
Esophagus/fold1_00001261.png,train
Esophagus/fold1_00001262.png,train
Esophagus/fold1_00001263.png,train
Esophagus/fold1_00002060.png,train
Esophagus/fold1_00002061.png,train
Esophagus/fold1_00002062.png,train
Esophagus/fold1_00002063.png,train
Esophagus/fold1_00002064.png,train
Esophagus/fold1_00002065.png,train
Esophagus/fold1_00002066.png,train
Esophagus/fold1_00002067.png,train
Esophagus/fold1_00002069.png,train
Esophagus/fold1_00002070.png,train
Esophagus/fold1_00002072.png,train
Esophagus/fold1_00002073.png,train
Esophagus/fold1_00002074.png,train
Esophagus/fold1_00002075.png,train
Esophagus/fold1_00002076.png,train
Esophagus/fold1_00002077.png,train
Esophagus/fold1_00002079.png,train
Esophagus/fold1_00002080.png,train
Esophagus/fold1_00002081.png,train
Esophagus/fold1_00002083.png,train
Esophagus/fold1_00002084.png,train
Esophagus/fold1_00002085.png,train
Esophagus/fold1_00002086.png,train
Esophagus/fold1_00002089.png,train
Esophagus/fold1_00002090.png,train
Esophagus/fold1_00002091.png,train
Esophagus/fold1_00002092.png,train
Esophagus/fold1_00002093.png,train
Esophagus/fold1_00002094.png,train
Esophagus/fold1_00002095.png,train
Esophagus/fold2_00000865.png,train
Esophagus/fold2_00000866.png,train
Esophagus/fold2_00000867.png,train
Esophagus/fold2_00000868.png,train
Esophagus/fold2_00000869.png,train
Esophagus/fold2_00000870.png,train
Esophagus/fold2_00000872.png,train
Esophagus/fold2_00000873.png,train
Esophagus/fold2_00000874.png,train
Esophagus/fold2_00000875.png,train
Esophagus/fold2_00000876.png,train
Esophagus/fold2_00000877.png,train
Esophagus/fold2_00000878.png,train
Esophagus/fold2_00000879.png,train
Esophagus/fold2_00000880.png,train
Esophagus/fold2_00000881.png,train
Esophagus/fold2_00000882.png,train
Esophagus/fold2_00000883.png,train
Esophagus/fold2_00000884.png,train
Esophagus/fold2_00000886.png,train
Esophagus/fold2_00000887.png,train
Esophagus/fold2_00000889.png,train
Esophagus/fold2_00000890.png,train
Esophagus/fold2_00000891.png,train
Esophagus/fold2_00000892.png,train
Esophagus/fold2_00000990.png,train
Esophagus/fold2_00000991.png,train
Esophagus/fold2_00000992.png,train
Esophagus/fold2_00000993.png,train
Esophagus/fold2_00000994.png,train
Esophagus/fold2_00000995.png,train
Esophagus/fold2_00000997.png,train
Esophagus/fold2_00000998.png,train
Esophagus/fold2_00000999.png,train
Esophagus/fold2_00001000.png,train
Esophagus/fold2_00001001.png,train
Esophagus/fold2_00001002.png,train
Esophagus/fold2_00001003.png,train
Esophagus/fold2_00001004.png,train
Esophagus/fold2_00001005.png,train
Esophagus/fold2_00001006.png,train
Esophagus/fold2_00001007.png,train
Esophagus/fold2_00001008.png,train
Esophagus/fold2_00001010.png,train
Esophagus/fold2_00001011.png,train
Esophagus/fold2_00001012.png,train
Esophagus/fold2_00001013.png,train
Esophagus/fold2_00001014.png,train
Esophagus/fold2_00001015.png,train
Esophagus/fold2_00001016.png,train
Esophagus/fold2_00001017.png,train
Esophagus/fold2_00001018.png,train
Esophagus/fold2_00001019.png,train
Esophagus/fold2_00001020.png,train
Esophagus/fold2_00001021.png,train
Esophagus/fold2_00001022.png,train
Esophagus/fold2_00001075.png,train
Esophagus/fold2_00001076.png,train
Esophagus/fold2_00001077.png,train
Esophagus/fold2_00001078.png,train
Esophagus/fold2_00001079.png,train
Esophagus/fold2_00001080.png,train
Esophagus/fold2_00001081.png,train
Esophagus/fold2_00001082.png,train
Esophagus/fold2_00001084.png,train
Esophagus/fold2_00001085.png,train
Esophagus/fold2_00001086.png,train
Esophagus/fold2_00001087.png,train
Esophagus/fold2_00001088.png,train
Esophagus/fold2_00001089.png,train
Esophagus/fold2_00001090.png,train
Esophagus/fold2_00001091.png,train
Esophagus/fold2_00001092.png,train
Esophagus/fold2_00001094.png,train
Esophagus/fold2_00001095.png,train
Esophagus/fold2_00001096.png,train
Esophagus/fold2_00001097.png,train
Esophagus/fold2_00001098.png,train
Esophagus/fold2_00001099.png,train
Esophagus/fold2_00001100.png,train
Esophagus/fold2_00001101.png,train
Esophagus/fold2_00001102.png,train
Esophagus/fold2_00001103.png,train
Esophagus/fold2_00001104.png,train
Esophagus/fold2_00001105.png,train
Esophagus/fold2_00001106.png,train
Esophagus/fold2_00001107.png,train
Esophagus/fold2_00001811.png,train
Esophagus/fold2_00001813.png,train
Esophagus/fold2_00001814.png,train
Esophagus/fold2_00001815.png,train
Esophagus/fold2_00001816.png,train
Esophagus/fold2_00001817.png,train
Esophagus/fold2_00001818.png,train
Esophagus/fold2_00001819.png,train
Esophagus/fold2_00001822.png,train
Esophagus/fold2_00001823.png,train
Esophagus/fold2_00001824.png,train
Esophagus/fold2_00001825.png,train
Esophagus/fold2_00001826.png,train
Esophagus/fold2_00001827.png,train
Esophagus/fold2_00001828.png,train
Esophagus/fold2_00001829.png,train
Esophagus/fold2_00001830.png,train
Esophagus/fold2_00001831.png,train
Esophagus/fold2_00001833.png,train
Esophagus/fold2_00001834.png,train
Esophagus/fold2_00001835.png,train
Esophagus/fold2_00001836.png,train
Esophagus/fold2_00001838.png,train
Esophagus/fold2_00001839.png,train
Esophagus/fold2_00001841.png,train
Esophagus/fold2_00001842.png,train
Esophagus/fold2_00001843.png,train
Esophagus/fold2_00001844.png,train
Esophagus/fold3_00000900.png,train
Esophagus/fold3_00000901.png,train
Esophagus/fold3_00000902.png,train
Esophagus/fold3_00000903.png,train
Esophagus/fold3_00000905.png,train
Esophagus/fold3_00000906.png,train
Esophagus/fold3_00000907.png,train
Esophagus/fold3_00000908.png,train
Esophagus/fold3_00000909.png,train
Esophagus/fold3_00000910.png,train
Esophagus/fold3_00000911.png,train
Esophagus/fold3_00000912.png,train
Esophagus/fold3_00000913.png,train
Esophagus/fold3_00000914.png,train
Esophagus/fold3_00000915.png,train
Esophagus/fold3_00000916.png,train
Esophagus/fold3_00000917.png,train
Esophagus/fold3_00000918.png,train
Esophagus/fold3_00000919.png,train
Esophagus/fold3_00000920.png,train
Esophagus/fold3_00000921.png,train
Esophagus/fold3_00000922.png,train
Esophagus/fold3_00000923.png,train
Esophagus/fold3_00000924.png,train
Esophagus/fold3_00000926.png,train
Esophagus/fold3_00000927.png,train
Esophagus/fold3_00000928.png,train
Esophagus/fold3_00001044.png,train
Esophagus/fold3_00001045.png,train
Esophagus/fold3_00001046.png,train
Esophagus/fold3_00001047.png,train
Esophagus/fold3_00001049.png,train
Esophagus/fold3_00001050.png,train
Esophagus/fold3_00001051.png,train
Esophagus/fold3_00001052.png,train
Esophagus/fold3_00001053.png,train
Esophagus/fold3_00001055.png,train
Esophagus/fold3_00001056.png,train
Esophagus/fold3_00001057.png,train
Esophagus/fold3_00001058.png,train
Esophagus/fold3_00001059.png,train
Esophagus/fold3_00001061.png,train
Esophagus/fold3_00001062.png,train
Esophagus/fold3_00001063.png,train
Esophagus/fold3_00001065.png,train
Esophagus/fold3_00001066.png,train
Esophagus/fold3_00001067.png,train
Esophagus/fold3_00001068.png,train
Esophagus/fold3_00001070.png,train
Esophagus/fold3_00001072.png,train
Esophagus/fold3_00001074.png,train
Esophagus/fold3_00001075.png,train
Esophagus/fold3_00001148.png,train
Esophagus/fold3_00001149.png,train
Esophagus/fold3_00001150.png,train
Esophagus/fold3_00001151.png,train
Esophagus/fold3_00001152.png,train
Esophagus/fold3_00001154.png,train
Esophagus/fold3_00001155.png,train
Esophagus/fold3_00001156.png,train
Esophagus/fold3_00001157.png,train
Esophagus/fold3_00001158.png,train
Esophagus/fold3_00001159.png,train
Esophagus/fold3_00001160.png,train
Esophagus/fold3_00001161.png,train
Esophagus/fold3_00001163.png,train
Esophagus/fold3_00001164.png,train
Esophagus/fold3_00001165.png,train
Esophagus/fold3_00001166.png,train
Esophagus/fold3_00001167.png,train
Esophagus/fold3_00001168.png,train
Esophagus/fold3_00001170.png,train
Esophagus/fold3_00001171.png,train
Esophagus/fold3_00001172.png,train
Esophagus/fold3_00001173.png,train
Esophagus/fold3_00001174.png,train
Esophagus/fold3_00001175.png,train
Esophagus/fold3_00001176.png,train
Esophagus/fold3_00001177.png,train
Esophagus/fold3_00001178.png,train
Esophagus/fold3_00001179.png,train
Esophagus/fold3_00001180.png,train
Esophagus/fold3_00001181.png,train
Esophagus/fold3_00001183.png,train
Esophagus/fold3_00001184.png,train
Esophagus/fold3_00001185.png,train
Esophagus/fold3_00001948.png,train
Esophagus/fold3_00001949.png,train
Esophagus/fold3_00001950.png,train
Esophagus/fold3_00001951.png,train
Esophagus/fold3_00001952.png,train
Esophagus/fold3_00001953.png,train
Esophagus/fold3_00001954.png,train
Esophagus/fold3_00001955.png,train
Esophagus/fold3_00001956.png,train
Esophagus/fold3_00001957.png,train
Esophagus/fold3_00001958.png,train
Esophagus/fold3_00001959.png,train
Esophagus/fold3_00001960.png,train
Esophagus/fold3_00001961.png,train
Esophagus/fold3_00001962.png,train
Esophagus/fold3_00001963.png,train
Esophagus/fold3_00001964.png,train
Esophagus/fold3_00001965.png,train
Esophagus/fold3_00001966.png,train
Esophagus/fold3_00001967.png,train
Esophagus/fold3_00001968.png,train
Esophagus/fold3_00001969.png,train
Esophagus/fold3_00001970.png,train
Esophagus/fold3_00001971.png,train
Esophagus/fold3_00001972.png,train
Esophagus/fold3_00001973.png,train
Esophagus/fold3_00001974.png,train
Esophagus/fold3_00001975.png,train
Esophagus/fold3_00001977.png,train
Esophagus/fold3_00001978.png,train
Esophagus/fold3_00001979.png,train
Esophagus/fold3_00001980.png,train
Esophagus/fold3_00001982.png,train
Esophagus/fold3_00001983.png,train
Esophagus/fold3_00001984.png,train
Esophagus/fold3_00001985.png,train
Esophagus/fold3_00001986.png,train
Head and Neck/fold1_00002098.png,train
Head and Neck/fold1_00002100.png,train
Head and Neck/fold1_00002101.png,train
Head and Neck/fold1_00002103.png,train
Head and Neck/fold1_00002104.png,train
Head and Neck/fold1_00002105.png,train
Head and Neck/fold1_00002106.png,train
Head and Neck/fold1_00002107.png,train
Head and Neck/fold1_00002108.png,train
Head and Neck/fold1_00002109.png,train
Head and Neck/fold1_00002111.png,train
Head and Neck/fold1_00002112.png,train
Head and Neck/fold1_00002113.png,train
Head and Neck/fold1_00002114.png,train
Head and Neck/fold1_00002115.png,train
Head and Neck/fold1_00002117.png,train
Head and Neck/fold1_00002121.png,train
Head and Neck/fold1_00002122.png,train
Head and Neck/fold1_00002123.png,train
Head and Neck/fold1_00002125.png,train
Head and Neck/fold1_00002126.png,train
Head and Neck/fold1_00002127.png,train
Head and Neck/fold1_00002128.png,train
Head and Neck/fold1_00002129.png,train
Head and Neck/fold1_00002130.png,train
Head and Neck/fold1_00002131.png,train
Head and Neck/fold1_00002132.png,train
Head and Neck/fold1_00002133.png,train
Head and Neck/fold1_00002134.png,train
Head and Neck/fold1_00002135.png,train
Head and Neck/fold1_00002137.png,train
Head and Neck/fold1_00002138.png,train
Head and Neck/fold1_00002139.png,train
Head and Neck/fold1_00002140.png,train
Head and Neck/fold1_00002141.png,train
Head and Neck/fold1_00002142.png,train
Head and Neck/fold1_00002143.png,train
Head and Neck/fold1_00002144.png,train
Head and Neck/fold1_00002146.png,train
Head and Neck/fold1_00002147.png,train
Head and Neck/fold1_00002148.png,train
Head and Neck/fold1_00002149.png,train
Head and Neck/fold1_00002151.png,train
Head and Neck/fold1_00002152.png,train
Head and Neck/fold1_00002153.png,train
Head and Neck/fold1_00002154.png,train
Head and Neck/fold1_00002156.png,train
Head and Neck/fold1_00002157.png,train
Head and Neck/fold1_00002158.png,train
Head and Neck/fold1_00002159.png,train
Head and Neck/fold1_00002160.png,train
Head and Neck/fold1_00002161.png,train
Head and Neck/fold1_00002162.png,train
Head and Neck/fold1_00002165.png,train
Head and Neck/fold1_00002166.png,train
Head and Neck/fold1_00002167.png,train
Head and Neck/fold2_00001845.png,train
Head and Neck/fold2_00001846.png,train
Head and Neck/fold2_00001847.png,train
Head and Neck/fold2_00001848.png,train
Head and Neck/fold2_00001849.png,train
Head and Neck/fold2_00001852.png,train
Head and Neck/fold2_00001853.png,train
Head and Neck/fold2_00001855.png,train
Head and Neck/fold2_00001856.png,train
Head and Neck/fold2_00001859.png,train
Head and Neck/fold2_00001860.png,train
Head and Neck/fold2_00001861.png,train
Head and Neck/fold2_00001862.png,train
Head and Neck/fold2_00001863.png,train
Head and Neck/fold2_00001864.png,train
Head and Neck/fold2_00001867.png,train
Head and Neck/fold2_00001868.png,train
Head and Neck/fold2_00001869.png,train
Head and Neck/fold2_00001870.png,train
Head and Neck/fold2_00001871.png,train
Head and Neck/fold2_00001872.png,train
Head and Neck/fold2_00001873.png,train
Head and Neck/fold2_00001874.png,train
Head and Neck/fold2_00001875.png,train
Head and Neck/fold2_00001876.png,train
Head and Neck/fold2_00001877.png,train
Head and Neck/fold2_00001878.png,train
Head and Neck/fold2_00001879.png,train
Head and Neck/fold2_00001880.png,train
Head and Neck/fold2_00001881.png,train
Head and Neck/fold2_00001883.png,train
Head and Neck/fold2_00001884.png,train
Head and Neck/fold2_00001885.png,train
Head and Neck/fold2_00001886.png,train
Head and Neck/fold2_00001887.png,train
Head and Neck/fold2_00001888.png,train
Head and Neck/fold2_00001889.png,train
Head and Neck/fold2_00001890.png,train
Head and Neck/fold2_00001891.png,train
Head and Neck/fold2_00001892.png,train
Head and Neck/fold2_00001893.png,train
Head and Neck/fold2_00001894.png,train
Head and Neck/fold2_00001895.png,train
Head and Neck/fold2_00001897.png,train
Head and Neck/fold2_00001898.png,train
Head and Neck/fold2_00001899.png,train
Head and Neck/fold2_00001900.png,train
Head and Neck/fold2_00001901.png,train
Head and Neck/fold2_00001903.png,train
Head and Neck/fold2_00001904.png,train
Head and Neck/fold2_00001905.png,train
Head and Neck/fold2_00001906.png,train
Head and Neck/fold2_00001907.png,train
Head and Neck/fold2_00001908.png,train
Head and Neck/fold2_00001910.png,train
Head and Neck/fold2_00001911.png,train
Head and Neck/fold2_00001912.png,train
Head and Neck/fold2_00001913.png,train
Head and Neck/fold2_00001914.png,train
Head and Neck/fold2_00001915.png,train
Head and Neck/fold2_00001917.png,train
Head and Neck/fold2_00001918.png,train
Head and Neck/fold2_00001919.png,train
Head and Neck/fold2_00001920.png,train
Head and Neck/fold2_00001921.png,train
Head and Neck/fold2_00001922.png,train
Head and Neck/fold2_00001923.png,train
Head and Neck/fold2_00001924.png,train
Head and Neck/fold2_00001925.png,train
Head and Neck/fold2_00001926.png,train
Head and Neck/fold2_00001927.png,train
Head and Neck/fold2_00001928.png,train
Head and Neck/fold2_00001929.png,train
Head and Neck/fold2_00001930.png,train
Head and Neck/fold2_00001931.png,train
Head and Neck/fold2_00001933.png,train
Head and Neck/fold2_00001934.png,train
Head and Neck/fold2_00001935.png,train
Head and Neck/fold2_00001936.png,train
Head and Neck/fold2_00001937.png,train
Head and Neck/fold2_00001938.png,train
Head and Neck/fold2_00001939.png,train
Head and Neck/fold2_00001940.png,train
Head and Neck/fold2_00001941.png,train
Head and Neck/fold2_00001942.png,train
Head and Neck/fold2_00001943.png,train
Head and Neck/fold2_00001944.png,train
Head and Neck/fold2_00001946.png,train
Head and Neck/fold2_00001947.png,train
Head and Neck/fold2_00001948.png,train
Head and Neck/fold2_00001949.png,train
Head and Neck/fold2_00001950.png,train
Head and Neck/fold2_00001951.png,train
Head and Neck/fold2_00001952.png,train
Head and Neck/fold2_00001953.png,train
Head and Neck/fold2_00001954.png,train
Head and Neck/fold2_00001955.png,train
Head and Neck/fold2_00001957.png,train
Head and Neck/fold2_00001959.png,train
Head and Neck/fold2_00001960.png,train
Head and Neck/fold2_00001962.png,train
Head and Neck/fold2_00001963.png,train
Head and Neck/fold2_00001965.png,train
Head and Neck/fold2_00001966.png,train
Head and Neck/fold2_00001967.png,train
Head and Neck/fold2_00001968.png,train
Head and Neck/fold2_00001969.png,train
Head and Neck/fold2_00001970.png,train
Head and Neck/fold2_00001971.png,train
Head and Neck/fold2_00001972.png,train
Head and Neck/fold2_00001973.png,train
Head and Neck/fold2_00001974.png,train
Head and Neck/fold2_00001975.png,train
Head and Neck/fold2_00001976.png,train
Head and Neck/fold2_00001977.png,train
Head and Neck/fold2_00001978.png,train
Head and Neck/fold2_00001979.png,train
Head and Neck/fold2_00001980.png,train
Head and Neck/fold2_00001981.png,train
Head and Neck/fold2_00001982.png,train
Head and Neck/fold2_00001984.png,train
Head and Neck/fold2_00001985.png,train
Head and Neck/fold2_00001987.png,train
Head and Neck/fold2_00001988.png,train
Head and Neck/fold2_00001989.png,train
Head and Neck/fold2_00001990.png,train
Head and Neck/fold2_00001992.png,train
Head and Neck/fold2_00001994.png,train
Head and Neck/fold2_00001996.png,train
Head and Neck/fold2_00001997.png,train
Head and Neck/fold2_00001998.png,train
Head and Neck/fold2_00001999.png,train
Head and Neck/fold2_00002000.png,train
Head and Neck/fold2_00002002.png,train
Head and Neck/fold2_00002003.png,train
Head and Neck/fold2_00002004.png,train
Head and Neck/fold2_00002005.png,train
Head and Neck/fold2_00002006.png,train
Head and Neck/fold2_00002007.png,train
Head and Neck/fold2_00002008.png,train
Head and Neck/fold2_00002009.png,train
Head and Neck/fold2_00002010.png,train
Head and Neck/fold2_00002011.png,train
Head and Neck/fold2_00002012.png,train
Head and Neck/fold2_00002013.png,train
Head and Neck/fold3_00001987.png,train
Head and Neck/fold3_00001988.png,train
Head and Neck/fold3_00001989.png,train
Head and Neck/fold3_00001990.png,train
Head and Neck/fold3_00001991.png,train
Head and Neck/fold3_00001992.png,train
Head and Neck/fold3_00001993.png,train
Head and Neck/fold3_00001994.png,train
Head and Neck/fold3_00001995.png,train
Head and Neck/fold3_00001996.png,train
Head and Neck/fold3_00001997.png,train
Head and Neck/fold3_00001998.png,train
Head and Neck/fold3_00001999.png,train
Head and Neck/fold3_00002000.png,train
Head and Neck/fold3_00002001.png,train
Head and Neck/fold3_00002002.png,train
Head and Neck/fold3_00002003.png,train
Head and Neck/fold3_00002004.png,train
Head and Neck/fold3_00002005.png,train
Head and Neck/fold3_00002006.png,train
Head and Neck/fold3_00002007.png,train
Head and Neck/fold3_00002008.png,train
Head and Neck/fold3_00002009.png,train
Head and Neck/fold3_00002010.png,train
Head and Neck/fold3_00002011.png,train
Head and Neck/fold3_00002012.png,train
Head and Neck/fold3_00002013.png,train
Head and Neck/fold3_00002014.png,train
Head and Neck/fold3_00002015.png,train
Head and Neck/fold3_00002016.png,train
Head and Neck/fold3_00002017.png,train
Head and Neck/fold3_00002018.png,train
Head and Neck/fold3_00002019.png,train
Head and Neck/fold3_00002020.png,train
Head and Neck/fold3_00002021.png,train
Head and Neck/fold3_00002022.png,train
Head and Neck/fold3_00002023.png,train
Head and Neck/fold3_00002024.png,train
Head and Neck/fold3_00002025.png,train
Head and Neck/fold3_00002026.png,train
Head and Neck/fold3_00002028.png,train
Head and Neck/fold3_00002029.png,train
Head and Neck/fold3_00002031.png,train
Head and Neck/fold3_00002032.png,train
Head and Neck/fold3_00002033.png,train
Head and Neck/fold3_00002036.png,train
Head and Neck/fold3_00002037.png,train
Head and Neck/fold3_00002038.png,train
Head and Neck/fold3_00002039.png,train
Head and Neck/fold3_00002040.png,train
Head and Neck/fold3_00002041.png,train
Head and Neck/fold3_00002042.png,train
Head and Neck/fold3_00002043.png,train
Head and Neck/fold3_00002044.png,train
Head and Neck/fold3_00002045.png,train
Head and Neck/fold3_00002047.png,train
Head and Neck/fold3_00002048.png,train
Head and Neck/fold3_00002049.png,train
Head and Neck/fold3_00002050.png,train
Head and Neck/fold3_00002051.png,train
Head and Neck/fold3_00002052.png,train
Head and Neck/fold3_00002053.png,train
Head and Neck/fold3_00002054.png,train
Head and Neck/fold3_00002055.png,train
Head and Neck/fold3_00002056.png,train
Head and Neck/fold3_00002057.png,train
Head and Neck/fold3_00002058.png,train
Head and Neck/fold3_00002059.png,train
Head and Neck/fold3_00002060.png,train
Head and Neck/fold3_00002061.png,train
Head and Neck/fold3_00002062.png,train
Head and Neck/fold3_00002063.png,train
Head and Neck/fold3_00002064.png,train
Head and Neck/fold3_00002066.png,train
Head and Neck/fold3_00002067.png,train
Head and Neck/fold3_00002068.png,train
Head and Neck/fold3_00002069.png,train
Head and Neck/fold3_00002070.png,train
Head and Neck/fold3_00002071.png,train
Head and Neck/fold3_00002073.png,train
Head and Neck/fold3_00002075.png,train
Head and Neck/fold3_00002076.png,train
Head and Neck/fold3_00002077.png,train
Head and Neck/fold3_00002078.png,train
Head and Neck/fold3_00002079.png,train
Head and Neck/fold3_00002080.png,train
Head and Neck/fold3_00002081.png,train
Head and Neck/fold3_00002082.png,train
Head and Neck/fold3_00002083.png,train
Head and Neck/fold3_00002084.png,train
Head and Neck/fold3_00002085.png,train
Head and Neck/fold3_00002086.png,train
Head and Neck/fold3_00002087.png,train
Head and Neck/fold3_00002088.png,train
Head and Neck/fold3_00002090.png,train
Head and Neck/fold3_00002091.png,train
Head and Neck/fold3_00002092.png,train
Head and Neck/fold3_00002093.png,train
Head and Neck/fold3_00002094.png,train
Head and Neck/fold3_00002095.png,train
Head and Neck/fold3_00002096.png,train
Head and Neck/fold3_00002098.png,train
Head and Neck/fold3_00002099.png,train
Head and Neck/fold3_00002100.png,train
Head and Neck/fold3_00002102.png,train
Head and Neck/fold3_00002103.png,train
Head and Neck/fold3_00002104.png,train
Head and Neck/fold3_00002105.png,train
Head and Neck/fold3_00002106.png,train
Head and Neck/fold3_00002107.png,train
Head and Neck/fold3_00002108.png,train
Head and Neck/fold3_00002110.png,train
Head and Neck/fold3_00002111.png,train
Head and Neck/fold3_00002112.png,train
Head and Neck/fold3_00002113.png,train
Head and Neck/fold3_00002114.png,train
Head and Neck/fold3_00002115.png,train
Head and Neck/fold3_00002116.png,train
Head and Neck/fold3_00002117.png,train
Head and Neck/fold3_00002118.png,train
Head and Neck/fold3_00002119.png,train
Head and Neck/fold3_00002120.png,train
Head and Neck/fold3_00002121.png,train
Head and Neck/fold3_00002122.png,train
Head and Neck/fold3_00002123.png,train
Head and Neck/fold3_00002124.png,train
Head and Neck/fold3_00002126.png,train
Head and Neck/fold3_00002128.png,train
Head and Neck/fold3_00002129.png,train
Head and Neck/fold3_00002130.png,train
Kidney/fold1_00000912.png,train
Kidney/fold1_00000913.png,train
Kidney/fold1_00000914.png,train
Kidney/fold1_00000917.png,train
Kidney/fold1_00000918.png,train
Kidney/fold1_00000953.png,train
Kidney/fold1_00000955.png,train
Kidney/fold1_00000956.png,train
Kidney/fold1_00000957.png,train
Kidney/fold1_00000958.png,train
Kidney/fold1_00000961.png,train
Kidney/fold1_00002168.png,train
Kidney/fold1_00002169.png,train
Kidney/fold1_00002170.png,train
Kidney/fold1_00002171.png,train
Kidney/fold1_00002172.png,train
Kidney/fold1_00002173.png,train
Kidney/fold1_00002175.png,train
Kidney/fold1_00002178.png,train
Kidney/fold1_00002182.png,train
Kidney/fold1_00002183.png,train
Kidney/fold1_00002184.png,train
Kidney/fold1_00002186.png,train
Kidney/fold1_00002188.png,train
Kidney/fold2_00000798.png,train
Kidney/fold2_00000799.png,train
Kidney/fold2_00000802.png,train
Kidney/fold2_00000804.png,train
Kidney/fold2_00000806.png,train
Kidney/fold2_00000807.png,train
Kidney/fold2_00000808.png,train
Kidney/fold2_00000809.png,train
Kidney/fold2_00000810.png,train
Kidney/fold2_00000811.png,train
Kidney/fold2_00000832.png,train
Kidney/fold2_00000833.png,train
Kidney/fold2_00000834.png,train
Kidney/fold2_00000836.png,train
Kidney/fold2_00000837.png,train
Kidney/fold2_00000839.png,train
Kidney/fold2_00000841.png,train
Kidney/fold2_00000842.png,train
Kidney/fold2_00000844.png,train
Kidney/fold2_00002015.png,train
Kidney/fold2_00002016.png,train
Kidney/fold2_00002018.png,train
Kidney/fold2_00002019.png,train
Kidney/fold2_00002020.png,train
Kidney/fold2_00002021.png,train
Kidney/fold2_00002022.png,train
Kidney/fold2_00002024.png,train
Kidney/fold2_00002027.png,train
Kidney/fold2_00002028.png,train
Kidney/fold2_00002029.png,train
Kidney/fold2_00002030.png,train
Kidney/fold2_00002032.png,train
Kidney/fold2_00002036.png,train
Kidney/fold2_00002037.png,train
Kidney/fold2_00002038.png,train
Kidney/fold2_00002039.png,train
Kidney/fold2_00002040.png,train
Kidney/fold3_00000843.png,train
Kidney/fold3_00000844.png,train
Kidney/fold3_00000845.png,train
Kidney/fold3_00000846.png,train
Kidney/fold3_00000886.png,train
Kidney/fold3_00000887.png,train
Kidney/fold3_00000889.png,train
Kidney/fold3_00002132.png,train
Kidney/fold3_00002137.png,train
Kidney/fold3_00002141.png,train
Kidney/fold3_00002142.png,train
Kidney/fold3_00002145.png,train
Kidney/fold3_00002147.png,train
Kidney/fold3_00002149.png,train
Kidney/fold3_00002150.png,train
Kidney/fold3_00002152.png,train
Kidney/fold3_00002153.png,train
Kidney/fold3_00002156.png,train
Kidney/fold3_00002157.png,train
Kidney/fold3_00002160.png,train
Liver/fold1_00002190.png,train
Liver/fold1_00002191.png,train
Liver/fold1_00002192.png,train
Liver/fold1_00002193.png,train
Liver/fold1_00002194.png,train
Liver/fold1_00002195.png,train
Liver/fold1_00002196.png,train
Liver/fold1_00002197.png,train
Liver/fold1_00002198.png,train
Liver/fold1_00002199.png,train
Liver/fold1_00002201.png,train
Liver/fold1_00002202.png,train
Liver/fold1_00002203.png,train
Liver/fold1_00002204.png,train
Liver/fold1_00002205.png,train
Liver/fold1_00002207.png,train
Liver/fold1_00002208.png,train
Liver/fold1_00002209.png,train
Liver/fold1_00002210.png,train
Liver/fold1_00002211.png,train
Liver/fold1_00002212.png,train
Liver/fold1_00002213.png,train
Liver/fold1_00002214.png,train
Liver/fold1_00002215.png,train
Liver/fold1_00002216.png,train
Liver/fold1_00002217.png,train
Liver/fold1_00002219.png,train
Liver/fold1_00002222.png,train
Liver/fold1_00002223.png,train
Liver/fold1_00002224.png,train
Liver/fold1_00002225.png,train
Liver/fold1_00002226.png,train
Liver/fold1_00002227.png,train
Liver/fold1_00002228.png,train
Liver/fold1_00002229.png,train
Liver/fold1_00002230.png,train
Liver/fold1_00002231.png,train
Liver/fold1_00002232.png,train
Liver/fold1_00002234.png,train
Liver/fold1_00002235.png,train
Liver/fold1_00002236.png,train
Liver/fold1_00002240.png,train
Liver/fold1_00002241.png,train
Liver/fold1_00002242.png,train
Liver/fold1_00002243.png,train
Liver/fold1_00002244.png,train
Liver/fold1_00002245.png,train
Liver/fold1_00002246.png,train
Liver/fold1_00002247.png,train
Liver/fold1_00002248.png,train
Liver/fold1_00002249.png,train
Liver/fold1_00002250.png,train
Liver/fold1_00002251.png,train
Liver/fold1_00002252.png,train
Liver/fold1_00002253.png,train
Liver/fold2_00002043.png,train
Liver/fold2_00002044.png,train
Liver/fold2_00002045.png,train
Liver/fold2_00002046.png,train
Liver/fold2_00002047.png,train
Liver/fold2_00002048.png,train
Liver/fold2_00002049.png,train
Liver/fold2_00002050.png,train
Liver/fold2_00002051.png,train
Liver/fold2_00002055.png,train
Liver/fold2_00002058.png,train
Liver/fold2_00002059.png,train
Liver/fold2_00002062.png,train
Liver/fold2_00002063.png,train
Liver/fold2_00002064.png,train
Liver/fold2_00002065.png,train
Liver/fold2_00002066.png,train
Liver/fold2_00002067.png,train
Liver/fold2_00002068.png,train
Liver/fold2_00002069.png,train
Liver/fold2_00002071.png,train
Liver/fold2_00002072.png,train
Liver/fold2_00002073.png,train
Liver/fold2_00002076.png,train
Liver/fold2_00002077.png,train
Liver/fold2_00002078.png,train
Liver/fold2_00002079.png,train
Liver/fold2_00002082.png,train
Liver/fold2_00002083.png,train
Liver/fold2_00002085.png,train
Liver/fold2_00002086.png,train
Liver/fold2_00002089.png,train
Liver/fold2_00002090.png,train
Liver/fold2_00002091.png,train
Liver/fold2_00002092.png,train
Liver/fold2_00002093.png,train
Liver/fold2_00002094.png,train
Liver/fold2_00002095.png,train
Liver/fold2_00002096.png,train
Liver/fold2_00002097.png,train
Liver/fold2_00002098.png,train
Liver/fold2_00002099.png,train
Liver/fold2_00002100.png,train
Liver/fold2_00002101.png,train
Liver/fold2_00002102.png,train
Liver/fold2_00002103.png,train
Liver/fold2_00002104.png,train
Liver/fold2_00002105.png,train
Liver/fold3_00002163.png,train
Liver/fold3_00002164.png,train
Liver/fold3_00002166.png,train
Liver/fold3_00002167.png,train
Liver/fold3_00002168.png,train
Liver/fold3_00002170.png,train
Liver/fold3_00002171.png,train
Liver/fold3_00002174.png,train
Liver/fold3_00002175.png,train
Liver/fold3_00002176.png,train
Liver/fold3_00002178.png,train
Liver/fold3_00002180.png,train
Liver/fold3_00002181.png,train
Liver/fold3_00002182.png,train
Liver/fold3_00002183.png,train
Liver/fold3_00002184.png,train
Liver/fold3_00002185.png,train
Liver/fold3_00002186.png,train
Liver/fold3_00002187.png,train
Liver/fold3_00002188.png,train
Liver/fold3_00002190.png,train
Liver/fold3_00002192.png,train
Liver/fold3_00002193.png,train
Liver/fold3_00002194.png,train
Liver/fold3_00002195.png,train
Liver/fold3_00002196.png,train
Liver/fold3_00002197.png,train
Liver/fold3_00002198.png,train
Liver/fold3_00002199.png,train
Liver/fold3_00002200.png,train
Liver/fold3_00002204.png,train
Liver/fold3_00002206.png,train
Liver/fold3_00002208.png,train
Liver/fold3_00002209.png,train
Liver/fold3_00002211.png,train
Liver/fold3_00002212.png,train
Liver/fold3_00002214.png,train
Liver/fold3_00002215.png,train
Liver/fold3_00002217.png,train
Liver/fold3_00002218.png,train
Liver/fold3_00002219.png,train
Liver/fold3_00002222.png,train
Liver/fold3_00002224.png,train
Liver/fold3_00002225.png,train
Liver/fold3_00002226.png,train
Liver/fold3_00002227.png,train
Liver/fold3_00002228.png,train
Liver/fold3_00002229.png,train
Liver/fold3_00002230.png,train
Liver/fold3_00002231.png,train
Liver/fold3_00002232.png,train
Liver/fold3_00002234.png,train
Liver/fold3_00002235.png,train
Liver/fold3_00002236.png,train
Liver/fold3_00002237.png,train
Liver/fold3_00002240.png,train
Liver/fold3_00002243.png,train
Liver/fold3_00002244.png,train
Liver/fold3_00002245.png,train
Liver/fold3_00002247.png,train
Liver/fold3_00002248.png,train
Liver/fold3_00002249.png,train
Liver/fold3_00002250.png,train
Liver/fold3_00002251.png,train
Liver/fold3_00002252.png,train
Liver/fold3_00002253.png,train
Liver/fold3_00002254.png,train
Liver/fold3_00002255.png,train
Lung/fold1_00000867.png,train
Lung/fold1_00000869.png,train
Lung/fold1_00000870.png,train
Lung/fold1_00000871.png,train
Lung/fold1_00000872.png,train
Lung/fold1_00000874.png,train
Lung/fold1_00000875.png,train
Lung/fold1_00000876.png,train
Lung/fold1_00000877.png,train
Lung/fold1_00000880.png,train
Lung/fold1_00000881.png,train
Lung/fold1_00000882.png,train
Lung/fold1_00000883.png,train
Lung/fold1_00000884.png,train
Lung/fold1_00000886.png,train
Lung/fold1_00000887.png,train
Lung/fold1_00000889.png,train
Lung/fold1_00000891.png,train
Lung/fold1_00000892.png,train
Lung/fold1_00000893.png,train
Lung/fold1_00000895.png,train
Lung/fold1_00000896.png,train
Lung/fold1_00001025.png,train
Lung/fold1_00001027.png,train
Lung/fold1_00001028.png,train
Lung/fold1_00001029.png,train
Lung/fold1_00001030.png,train
Lung/fold1_00001031.png,train
Lung/fold1_00001033.png,train
Lung/fold1_00001034.png,train
Lung/fold1_00001035.png,train
Lung/fold1_00001036.png,train
Lung/fold1_00001037.png,train
Lung/fold1_00001039.png,train
Lung/fold1_00001041.png,train
Lung/fold1_00001042.png,train
Lung/fold1_00001043.png,train
Lung/fold1_00001046.png,train
Lung/fold1_00001047.png,train
Lung/fold1_00001050.png,train
Lung/fold1_00001053.png,train
Lung/fold1_00001054.png,train
Lung/fold1_00001056.png,train
Lung/fold1_00001059.png,train
Lung/fold1_00001060.png,train
Lung/fold1_00002254.png,train
Lung/fold1_00002255.png,train
Lung/fold1_00002256.png,train
Lung/fold1_00002257.png,train
Lung/fold1_00002258.png,train
Lung/fold1_00002259.png,train
Lung/fold1_00002262.png,train
Lung/fold1_00002263.png,train
Lung/fold1_00002264.png,train
Lung/fold1_00002265.png,train
Lung/fold1_00002266.png,train
Lung/fold2_00000771.png,train
Lung/fold2_00000772.png,train
Lung/fold2_00000774.png,train
Lung/fold2_00000775.png,train
Lung/fold2_00000777.png,train
Lung/fold2_00000778.png,train
Lung/fold2_00000779.png,train
Lung/fold2_00000895.png,train
Lung/fold2_00000896.png,train
Lung/fold2_00000897.png,train
Lung/fold2_00000898.png,train
Lung/fold2_00000899.png,train
Lung/fold2_00000900.png,train
Lung/fold2_00000901.png,train
Lung/fold2_00000902.png,train
Lung/fold2_00000903.png,train
Lung/fold2_00000905.png,train
Lung/fold2_00000906.png,train
Lung/fold2_00000907.png,train
Lung/fold2_00000909.png,train
Lung/fold2_00000910.png,train
Lung/fold2_00000911.png,train
Lung/fold2_00000913.png,train
Lung/fold2_00000915.png,train
Lung/fold2_00000917.png,train
Lung/fold2_00000918.png,train
Lung/fold2_00000920.png,train
Lung/fold2_00000921.png,train
Lung/fold2_00000923.png,train
Lung/fold2_00000926.png,train
Lung/fold2_00000928.png,train
Lung/fold2_00000929.png,train
Lung/fold2_00002108.png,train
Lung/fold2_00002109.png,train
Lung/fold2_00002111.png,train
Lung/fold2_00002112.png,train
Lung/fold2_00002113.png,train
Lung/fold3_00000816.png,train
Lung/fold3_00000817.png,train
Lung/fold3_00000818.png,train
Lung/fold3_00000819.png,train
Lung/fold3_00000820.png,train
Lung/fold3_00000821.png,train
Lung/fold3_00000822.png,train
Lung/fold3_00000823.png,train
Lung/fold3_00000824.png,train
Lung/fold3_00000825.png,train
Lung/fold3_00000826.png,train
Lung/fold3_00000827.png,train
Lung/fold3_00000828.png,train
Lung/fold3_00000829.png,train
Lung/fold3_00000930.png,train
Lung/fold3_00000931.png,train
Lung/fold3_00000932.png,train
Lung/fold3_00000933.png,train
Lung/fold3_00000935.png,train
Lung/fold3_00000938.png,train
Lung/fold3_00000940.png,train
Lung/fold3_00000941.png,train
Lung/fold3_00000942.png,train
Lung/fold3_00000944.png,train
Lung/fold3_00000945.png,train
Lung/fold3_00000946.png,train
Lung/fold3_00000947.png,train
Lung/fold3_00000950.png,train
Lung/fold3_00000952.png,train
Lung/fold3_00000954.png,train
Lung/fold3_00000955.png,train
Lung/fold3_00002257.png,train
Lung/fold3_00002258.png,train
Lung/fold3_00002259.png,train
Lung/fold3_00002260.png,train
Lung/fold3_00002261.png,train
Lung/fold3_00002262.png,train
Lung/fold3_00002263.png,train
Lung/fold3_00002264.png,train
Ovarian/fold1_00000969.png,train
Ovarian/fold1_00000970.png,train
Ovarian/fold1_00000972.png,train
Ovarian/fold1_00000973.png,train
Ovarian/fold1_00000974.png,train
Ovarian/fold1_00000975.png,train
Ovarian/fold1_00002270.png,train
Ovarian/fold1_00002271.png,train
Ovarian/fold1_00002272.png,train
Ovarian/fold1_00002273.png,train
Ovarian/fold1_00002274.png,train
Ovarian/fold1_00002275.png,train
Ovarian/fold1_00002277.png,train
Ovarian/fold1_00002279.png,train
Ovarian/fold1_00002280.png,train
Ovarian/fold1_00002281.png,train
Ovarian/fold1_00002282.png,train
Ovarian/fold1_00002283.png,train
Ovarian/fold1_00002284.png,train
Ovarian/fold1_00002287.png,train
Ovarian/fold1_00002290.png,train
Ovarian/fold1_00002291.png,train
Ovarian/fold1_00002292.png,train
Ovarian/fold1_00002294.png,train
Ovarian/fold1_00002296.png,train
Ovarian/fold1_00002297.png,train
Ovarian/fold1_00002298.png,train
Ovarian/fold1_00002300.png,train
Ovarian/fold1_00002302.png,train
Ovarian/fold1_00002303.png,train
Ovarian/fold1_00002304.png,train
Ovarian/fold1_00002305.png,train
Ovarian/fold1_00002306.png,train
Ovarian/fold1_00002309.png,train
Ovarian/fold1_00002310.png,train
Ovarian/fold2_00000860.png,train
Ovarian/fold2_00000861.png,train
Ovarian/fold2_00000862.png,train
Ovarian/fold2_00000863.png,train
Ovarian/fold2_00000864.png,train
Ovarian/fold2_00002118.png,train
Ovarian/fold2_00002120.png,train
Ovarian/fold2_00002122.png,train
Ovarian/fold2_00002123.png,train
Ovarian/fold2_00002125.png,train
Ovarian/fold2_00002126.png,train
Ovarian/fold2_00002129.png,train
Ovarian/fold2_00002130.png,train
Ovarian/fold2_00002133.png,train
Ovarian/fold2_00002134.png,train
Ovarian/fold2_00002135.png,train
Ovarian/fold2_00002136.png,train
Ovarian/fold2_00002137.png,train
Ovarian/fold2_00002138.png,train
Ovarian/fold2_00002140.png,train
Ovarian/fold2_00002141.png,train
Ovarian/fold2_00002142.png,train
Ovarian/fold2_00002143.png,train
Ovarian/fold2_00002144.png,train
Ovarian/fold2_00002145.png,train
Ovarian/fold2_00002150.png,train
Ovarian/fold2_00002151.png,train
Ovarian/fold3_00000895.png,train
Ovarian/fold3_00000896.png,train
Ovarian/fold3_00000897.png,train
Ovarian/fold3_00000898.png,train
Ovarian/fold3_00002265.png,train
Ovarian/fold3_00002266.png,train
Ovarian/fold3_00002267.png,train
Ovarian/fold3_00002268.png,train
Ovarian/fold3_00002270.png,train
Ovarian/fold3_00002271.png,train
Ovarian/fold3_00002272.png,train
Ovarian/fold3_00002273.png,train
Ovarian/fold3_00002275.png,train
Ovarian/fold3_00002277.png,train
Ovarian/fold3_00002278.png,train
Ovarian/fold3_00002284.png,train
Ovarian/fold3_00002286.png,train
Ovarian/fold3_00002287.png,train
Ovarian/fold3_00002289.png,train
Ovarian/fold3_00002290.png,train
Ovarian/fold3_00002292.png,train
Ovarian/fold3_00002293.png,train
Ovarian/fold3_00002294.png,train
Ovarian/fold3_00002295.png,train
Ovarian/fold3_00002297.png,train
Ovarian/fold3_00002299.png,train
Ovarian/fold3_00002300.png,train
Ovarian/fold3_00002305.png,train
Ovarian/fold3_00002306.png,train
Ovarian/fold3_00002308.png,train
Ovarian/fold3_00002312.png,train
Pancreatic/fold1_00001018.png,train
Pancreatic/fold1_00001020.png,train
Pancreatic/fold1_00001021.png,train
Pancreatic/fold1_00001023.png,train
Pancreatic/fold1_00001280.png,train
Pancreatic/fold1_00001281.png,train
Pancreatic/fold1_00001282.png,train
Pancreatic/fold1_00001283.png,train
Pancreatic/fold1_00001285.png,train
Pancreatic/fold1_00001286.png,train
Pancreatic/fold1_00001287.png,train
Pancreatic/fold1_00001288.png,train
Pancreatic/fold1_00001289.png,train
Pancreatic/fold1_00001290.png,train
Pancreatic/fold1_00001291.png,train
Pancreatic/fold1_00001294.png,train
Pancreatic/fold1_00001295.png,train
Pancreatic/fold1_00001296.png,train
Pancreatic/fold1_00001297.png,train
Pancreatic/fold1_00001298.png,train
Pancreatic/fold1_00001299.png,train
Pancreatic/fold1_00001300.png,train
Pancreatic/fold1_00001301.png,train
Pancreatic/fold1_00001302.png,train
Pancreatic/fold1_00002313.png,train
Pancreatic/fold1_00002315.png,train
Pancreatic/fold1_00002317.png,train
Pancreatic/fold1_00002318.png,train
Pancreatic/fold1_00002319.png,train
Pancreatic/fold1_00002320.png,train
Pancreatic/fold1_00002321.png,train
Pancreatic/fold1_00002322.png,train
Pancreatic/fold1_00002323.png,train
Pancreatic/fold1_00002325.png,train
Pancreatic/fold1_00002326.png,train
Pancreatic/fold1_00002327.png,train
Pancreatic/fold1_00002329.png,train
Pancreatic/fold1_00002330.png,train
Pancreatic/fold1_00002331.png,train
Pancreatic/fold1_00002332.png,train
Pancreatic/fold1_00002333.png,train
Pancreatic/fold1_00002334.png,train
Pancreatic/fold1_00002335.png,train
Pancreatic/fold1_00002337.png,train
Pancreatic/fold1_00002339.png,train
Pancreatic/fold1_00002340.png,train
Pancreatic/fold1_00002341.png,train
Pancreatic/fold1_00002342.png,train
Pancreatic/fold1_00002343.png,train
Pancreatic/fold1_00002344.png,train
Pancreatic/fold1_00002345.png,train
Pancreatic/fold1_00002347.png,train
Pancreatic/fold1_00002349.png,train
Pancreatic/fold1_00002350.png,train
Pancreatic/fold1_00002352.png,train
Pancreatic/fold1_00002354.png,train
Pancreatic/fold1_00002355.png,train
Pancreatic/fold1_00002356.png,train
Pancreatic/fold1_00002357.png,train
Pancreatic/fold1_00002359.png,train
Pancreatic/fold2_00000893.png,train
Pancreatic/fold2_00000894.png,train
Pancreatic/fold2_00001124.png,train
Pancreatic/fold2_00001125.png,train
Pancreatic/fold2_00001126.png,train
Pancreatic/fold2_00001128.png,train
Pancreatic/fold2_00001129.png,train
Pancreatic/fold2_00001131.png,train
Pancreatic/fold2_00001132.png,train
Pancreatic/fold2_00001133.png,train
Pancreatic/fold2_00001135.png,train
Pancreatic/fold2_00001136.png,train
Pancreatic/fold2_00001137.png,train
Pancreatic/fold2_00001138.png,train
Pancreatic/fold2_00001139.png,train
Pancreatic/fold2_00001140.png,train
Pancreatic/fold2_00001142.png,train
Pancreatic/fold2_00001145.png,train
Pancreatic/fold2_00001146.png,train
Pancreatic/fold2_00001148.png,train
Pancreatic/fold2_00001149.png,train
Pancreatic/fold2_00002152.png,train
Pancreatic/fold2_00002154.png,train
Pancreatic/fold2_00002156.png,train
Pancreatic/fold2_00002158.png,train
Pancreatic/fold2_00002159.png,train
Pancreatic/fold2_00002160.png,train
Pancreatic/fold2_00002161.png,train
Pancreatic/fold2_00002163.png,train
Pancreatic/fold2_00002167.png,train
Pancreatic/fold2_00002169.png,train
Pancreatic/fold2_00002171.png,train
Pancreatic/fold2_00002172.png,train
Pancreatic/fold2_00002173.png,train
Pancreatic/fold2_00002174.png,train
Pancreatic/fold2_00002175.png,train
Pancreatic/fold2_00002176.png,train
Pancreatic/fold2_00002177.png,train
Pancreatic/fold2_00002178.png,train
Pancreatic/fold2_00002179.png,train
Pancreatic/fold2_00002180.png,train
Pancreatic/fold2_00002181.png,train
Pancreatic/fold2_00002186.png,train
Pancreatic/fold2_00002187.png,train
Pancreatic/fold2_00002188.png,train
Pancreatic/fold2_00002189.png,train
Pancreatic/fold2_00002191.png,train
Pancreatic/fold2_00002192.png,train
Pancreatic/fold2_00002193.png,train
Pancreatic/fold2_00002194.png,train
Pancreatic/fold2_00002195.png,train
Pancreatic/fold2_00002196.png,train
Pancreatic/fold2_00002198.png,train
Pancreatic/fold2_00002199.png,train
Pancreatic/fold2_00002203.png,train
Pancreatic/fold2_00002204.png,train
Pancreatic/fold2_00002206.png,train
Pancreatic/fold2_00002207.png,train
Pancreatic/fold2_00002208.png,train
Pancreatic/fold2_00002209.png,train
Pancreatic/fold2_00002210.png,train
Pancreatic/fold2_00002211.png,train
Pancreatic/fold2_00002212.png,train
Pancreatic/fold3_00001204.png,train
Pancreatic/fold3_00001206.png,train
Pancreatic/fold3_00001207.png,train
Pancreatic/fold3_00001209.png,train
Pancreatic/fold3_00001211.png,train
Pancreatic/fold3_00002313.png,train
Pancreatic/fold3_00002314.png,train
Pancreatic/fold3_00002316.png,train
Pancreatic/fold3_00002317.png,train
Pancreatic/fold3_00002318.png,train
Pancreatic/fold3_00002319.png,train
Pancreatic/fold3_00002320.png,train
Pancreatic/fold3_00002321.png,train
Pancreatic/fold3_00002324.png,train
Pancreatic/fold3_00002325.png,train
Pancreatic/fold3_00002326.png,train
Pancreatic/fold3_00002329.png,train
Pancreatic/fold3_00002330.png,train
Pancreatic/fold3_00002331.png,train
Pancreatic/fold3_00002332.png,train
Prostate/fold1_00000919.png,train
Prostate/fold1_00000920.png,train
Prostate/fold1_00000921.png,train
Prostate/fold1_00000933.png,train
Prostate/fold1_00000937.png,train
Prostate/fold1_00000938.png,train
Prostate/fold1_00000940.png,train
Prostate/fold1_00000941.png,train
Prostate/fold1_00000943.png,train
Prostate/fold1_00000944.png,train
Prostate/fold1_00000945.png,train
Prostate/fold1_00000947.png,train
Prostate/fold1_00000949.png,train
Prostate/fold1_00000950.png,train
Prostate/fold1_00000951.png,train
Prostate/fold1_00000952.png,train
Prostate/fold1_00002360.png,train
Prostate/fold1_00002361.png,train
Prostate/fold1_00002364.png,train
Prostate/fold1_00002367.png,train
Prostate/fold1_00002369.png,train
Prostate/fold1_00002370.png,train
Prostate/fold1_00002371.png,train
Prostate/fold1_00002372.png,train
Prostate/fold1_00002373.png,train
Prostate/fold1_00002374.png,train
Prostate/fold1_00002376.png,train
Prostate/fold1_00002379.png,train
Prostate/fold1_00002380.png,train
Prostate/fold1_00002381.png,train
Prostate/fold1_00002382.png,train
Prostate/fold1_00002383.png,train
Prostate/fold1_00002384.png,train
Prostate/fold1_00002385.png,train
Prostate/fold1_00002388.png,train
Prostate/fold1_00002389.png,train
Prostate/fold1_00002390.png,train
Prostate/fold1_00002392.png,train
Prostate/fold1_00002394.png,train
Prostate/fold1_00002395.png,train
Prostate/fold1_00002396.png,train
Prostate/fold1_00002400.png,train
Prostate/fold1_00002402.png,train
Prostate/fold1_00002403.png,train
Prostate/fold1_00002404.png,train
Prostate/fold1_00002405.png,train
Prostate/fold1_00002406.png,train
Prostate/fold1_00002407.png,train
Prostate/fold1_00002408.png,train
Prostate/fold1_00002409.png,train
Prostate/fold1_00002410.png,train
Prostate/fold1_00002411.png,train
Prostate/fold1_00002412.png,train
Prostate/fold2_00000814.png,train
Prostate/fold2_00000830.png,train
Prostate/fold2_00000831.png,train
Prostate/fold2_00002213.png,train
Prostate/fold2_00002214.png,train
Prostate/fold2_00002215.png,train
Prostate/fold2_00002216.png,train
Prostate/fold2_00002217.png,train
Prostate/fold2_00002221.png,train
Prostate/fold2_00002222.png,train
Prostate/fold2_00002223.png,train
Prostate/fold2_00002224.png,train
Prostate/fold2_00002226.png,train
Prostate/fold2_00002228.png,train
Prostate/fold2_00002229.png,train
Prostate/fold2_00002230.png,train
Prostate/fold2_00002231.png,train
Prostate/fold2_00002233.png,train
Prostate/fold2_00002234.png,train
Prostate/fold2_00002235.png,train
Prostate/fold2_00002236.png,train
Prostate/fold2_00002237.png,train
Prostate/fold2_00002239.png,train
Prostate/fold2_00002241.png,train
Prostate/fold2_00002242.png,train
Prostate/fold2_00002243.png,train
Prostate/fold2_00002244.png,train
Prostate/fold3_00000848.png,train
Prostate/fold3_00000849.png,train
Prostate/fold3_00000850.png,train
Prostate/fold3_00000863.png,train
Prostate/fold3_00000864.png,train
Prostate/fold3_00000866.png,train
Prostate/fold3_00000868.png,train
Prostate/fold3_00000869.png,train
Prostate/fold3_00000870.png,train
Prostate/fold3_00000872.png,train
Prostate/fold3_00000873.png,train
Prostate/fold3_00000874.png,train
Prostate/fold3_00000876.png,train
Prostate/fold3_00000877.png,train
Prostate/fold3_00000878.png,train
Prostate/fold3_00000879.png,train
Prostate/fold3_00000880.png,train
Prostate/fold3_00000881.png,train
Prostate/fold3_00000883.png,train
Prostate/fold3_00000884.png,train
Prostate/fold3_00002333.png,train
Prostate/fold3_00002334.png,train
Prostate/fold3_00002335.png,train
Prostate/fold3_00002336.png,train
Prostate/fold3_00002337.png,train
Prostate/fold3_00002339.png,train
Prostate/fold3_00002340.png,train
Prostate/fold3_00002343.png,train
Prostate/fold3_00002344.png,train
Prostate/fold3_00002345.png,train
Prostate/fold3_00002346.png,train
Prostate/fold3_00002350.png,train
Prostate/fold3_00002351.png,train
Prostate/fold3_00002355.png,train
Prostate/fold3_00002356.png,train
Prostate/fold3_00002357.png,train
Prostate/fold3_00002358.png,train
Prostate/fold3_00002361.png,train
Prostate/fold3_00002362.png,train
Prostate/fold3_00002363.png,train
Prostate/fold3_00002364.png,train
Prostate/fold3_00002365.png,train
Prostate/fold3_00002366.png,train
Prostate/fold3_00002367.png,train
Prostate/fold3_00002368.png,train
Prostate/fold3_00002370.png,train
Prostate/fold3_00002373.png,train
Prostate/fold3_00002374.png,train
Prostate/fold3_00002375.png,train
Skin/fold1_00001085.png,train
Skin/fold1_00001086.png,train
Skin/fold1_00001088.png,train
Skin/fold1_00001090.png,train
Skin/fold1_00002413.png,train
Skin/fold1_00002415.png,train
Skin/fold1_00002416.png,train
Skin/fold1_00002417.png,train
Skin/fold1_00002418.png,train
Skin/fold1_00002419.png,train
Skin/fold1_00002420.png,train
Skin/fold1_00002421.png,train
Skin/fold1_00002422.png,train
Skin/fold1_00002423.png,train
Skin/fold1_00002424.png,train
Skin/fold1_00002425.png,train
Skin/fold1_00002426.png,train
Skin/fold1_00002427.png,train
Skin/fold1_00002430.png,train
Skin/fold1_00002431.png,train
Skin/fold1_00002432.png,train
Skin/fold1_00002433.png,train
Skin/fold1_00002434.png,train
Skin/fold1_00002435.png,train
Skin/fold1_00002436.png,train
Skin/fold1_00002437.png,train
Skin/fold1_00002438.png,train
Skin/fold1_00002439.png,train
Skin/fold1_00002440.png,train
Skin/fold1_00002441.png,train
Skin/fold1_00002442.png,train
Skin/fold1_00002443.png,train
Skin/fold1_00002444.png,train
Skin/fold1_00002445.png,train
Skin/fold1_00002447.png,train
Skin/fold1_00002448.png,train
Skin/fold1_00002449.png,train
Skin/fold1_00002450.png,train
Skin/fold1_00002451.png,train
Skin/fold1_00002454.png,train
Skin/fold1_00002456.png,train
Skin/fold1_00002457.png,train
Skin/fold1_00002458.png,train
Skin/fold1_00002459.png,train
Skin/fold1_00002460.png,train
Skin/fold1_00002462.png,train
Skin/fold1_00002463.png,train
Skin/fold1_00002464.png,train
Skin/fold1_00002465.png,train
Skin/fold2_00000952.png,train
Skin/fold2_00000953.png,train
Skin/fold2_00000956.png,train
Skin/fold2_00000957.png,train
Skin/fold2_00000958.png,train
Skin/fold2_00000960.png,train
Skin/fold2_00000965.png,train
Skin/fold2_00000966.png,train
Skin/fold2_00000967.png,train
Skin/fold2_00002245.png,train
Skin/fold2_00002246.png,train
Skin/fold2_00002247.png,train
Skin/fold2_00002248.png,train
Skin/fold2_00002249.png,train
Skin/fold2_00002250.png,train
Skin/fold2_00002251.png,train
Skin/fold2_00002254.png,train
Skin/fold2_00002255.png,train
Skin/fold2_00002258.png,train
Skin/fold2_00002259.png,train
Skin/fold2_00002261.png,train
Skin/fold2_00002263.png,train
Skin/fold2_00002264.png,train
Skin/fold2_00002265.png,train
Skin/fold2_00002266.png,train
Skin/fold2_00002268.png,train
Skin/fold2_00002269.png,train
Skin/fold2_00002270.png,train
Skin/fold2_00002271.png,train
Skin/fold2_00002272.png,train
Skin/fold2_00002273.png,train
Skin/fold2_00002275.png,train
Skin/fold2_00002276.png,train
Skin/fold2_00002277.png,train
Skin/fold2_00002278.png,train
Skin/fold2_00002279.png,train
Skin/fold2_00002282.png,train
Skin/fold2_00002283.png,train
Skin/fold2_00002286.png,train
Skin/fold2_00002290.png,train
Skin/fold2_00002292.png,train
Skin/fold2_00002297.png,train
Skin/fold2_00002298.png,train
Skin/fold2_00002299.png,train
Skin/fold2_00002300.png,train
Skin/fold2_00002301.png,train
Skin/fold2_00002304.png,train
Skin/fold2_00002305.png,train
Skin/fold2_00002306.png,train
Skin/fold2_00002308.png,train
Skin/fold2_00002310.png,train
Skin/fold2_00002313.png,train
Skin/fold2_00002314.png,train
Skin/fold3_00001017.png,train
Skin/fold3_00001018.png,train
Skin/fold3_00001019.png,train
Skin/fold3_00001020.png,train
Skin/fold3_00001021.png,train
Skin/fold3_00002377.png,train
Skin/fold3_00002378.png,train
Skin/fold3_00002379.png,train
Skin/fold3_00002380.png,train
Skin/fold3_00002383.png,train
Skin/fold3_00002384.png,train
Skin/fold3_00002385.png,train
Skin/fold3_00002386.png,train
Skin/fold3_00002388.png,train
Skin/fold3_00002389.png,train
Skin/fold3_00002393.png,train
Skin/fold3_00002394.png,train
Skin/fold3_00002395.png,train
Skin/fold3_00002396.png,train
Skin/fold3_00002397.png,train
Skin/fold3_00002398.png,train
Skin/fold3_00002399.png,train
Skin/fold3_00002400.png,train
Skin/fold3_00002401.png,train
Skin/fold3_00002402.png,train
Skin/fold3_00002403.png,train
Skin/fold3_00002404.png,train
Skin/fold3_00002407.png,train
Skin/fold3_00002408.png,train
Skin/fold3_00002409.png,train
Skin/fold3_00002410.png,train
Skin/fold3_00002411.png,train
Stomach/fold1_00000962.png,train
Stomach/fold1_00000967.png,train
Stomach/fold1_00000968.png,train
Stomach/fold1_00002466.png,train
Stomach/fold1_00002469.png,train
Stomach/fold1_00002470.png,train
Stomach/fold1_00002471.png,train
Stomach/fold1_00002472.png,train
Stomach/fold1_00002473.png,train
Stomach/fold1_00002475.png,train
Stomach/fold1_00002476.png,train
Stomach/fold1_00002479.png,train
Stomach/fold1_00002480.png,train
Stomach/fold1_00002481.png,train
Stomach/fold1_00002482.png,train
Stomach/fold1_00002483.png,train
Stomach/fold1_00002487.png,train
Stomach/fold1_00002488.png,train
Stomach/fold1_00002490.png,train
Stomach/fold1_00002493.png,train
Stomach/fold1_00002494.png,train
Stomach/fold1_00002495.png,train
Stomach/fold1_00002496.png,train
Stomach/fold1_00002501.png,train
Stomach/fold1_00002503.png,train
Stomach/fold1_00002504.png,train
Stomach/fold1_00002505.png,train
Stomach/fold1_00002506.png,train
Stomach/fold1_00002507.png,train
Stomach/fold1_00002509.png,train
Stomach/fold1_00002510.png,train
Stomach/fold1_00002511.png,train
Stomach/fold2_00000845.png,train
Stomach/fold2_00000846.png,train
Stomach/fold2_00000847.png,train
Stomach/fold2_00000848.png,train
Stomach/fold2_00000855.png,train
Stomach/fold2_00000856.png,train
Stomach/fold2_00000858.png,train
Stomach/fold2_00000859.png,train
Stomach/fold2_00002317.png,train
Stomach/fold2_00002320.png,train
Stomach/fold2_00002322.png,train
Stomach/fold2_00002323.png,train
Stomach/fold2_00002327.png,train
Stomach/fold2_00002328.png,train
Stomach/fold2_00002329.png,train
Stomach/fold2_00002330.png,train
Stomach/fold2_00002331.png,train
Stomach/fold2_00002334.png,train
Stomach/fold2_00002336.png,train
Stomach/fold2_00002337.png,train
Stomach/fold2_00002338.png,train
Stomach/fold2_00002339.png,train
Stomach/fold2_00002340.png,train
Stomach/fold2_00002342.png,train
Stomach/fold2_00002343.png,train
Stomach/fold2_00002344.png,train
Stomach/fold2_00002346.png,train
Stomach/fold2_00002348.png,train
Stomach/fold2_00002350.png,train
Stomach/fold2_00002353.png,train
Stomach/fold3_00000890.png,train
Stomach/fold3_00000891.png,train
Stomach/fold3_00000892.png,train
Stomach/fold3_00000893.png,train
Stomach/fold3_00000894.png,train
Stomach/fold3_00002413.png,train
Stomach/fold3_00002414.png,train
Stomach/fold3_00002415.png,train
Stomach/fold3_00002416.png,train
Stomach/fold3_00002418.png,train
Stomach/fold3_00002419.png,train
Stomach/fold3_00002420.png,train
Stomach/fold3_00002421.png,train
Stomach/fold3_00002423.png,train
Stomach/fold3_00002424.png,train
Stomach/fold3_00002427.png,train
Stomach/fold3_00002428.png,train
Stomach/fold3_00002431.png,train
Stomach/fold3_00002432.png,train
Stomach/fold3_00002433.png,train
Stomach/fold3_00002436.png,train
Stomach/fold3_00002437.png,train
Stomach/fold3_00002438.png,train
Stomach/fold3_00002439.png,train
Stomach/fold3_00002440.png,train
Stomach/fold3_00002441.png,train
Stomach/fold3_00002443.png,train
Stomach/fold3_00002446.png,train
Stomach/fold3_00002450.png,train
Stomach/fold3_00002451.png,train
Stomach/fold3_00002452.png,train
Testis/fold1_00001411.png,train
Testis/fold1_00001412.png,train
Testis/fold1_00001413.png,train
Testis/fold1_00001415.png,train
Testis/fold1_00001416.png,train
Testis/fold1_00001417.png,train
Testis/fold1_00001418.png,train
Testis/fold1_00001419.png,train
Testis/fold1_00001420.png,train
Testis/fold1_00001421.png,train
Testis/fold1_00001422.png,train
Testis/fold1_00001423.png,train
Testis/fold1_00001425.png,train
Testis/fold1_00001428.png,train
Testis/fold1_00001430.png,train
Testis/fold1_00001431.png,train
Testis/fold1_00001433.png,train
Testis/fold1_00001434.png,train
Testis/fold1_00001435.png,train
Testis/fold1_00001438.png,train
Testis/fold1_00001439.png,train
Testis/fold1_00001442.png,train
Testis/fold1_00001444.png,train
Testis/fold1_00001445.png,train
Testis/fold1_00002512.png,train
Testis/fold1_00002513.png,train
Testis/fold1_00002514.png,train
Testis/fold1_00002516.png,train
Testis/fold1_00002517.png,train
Testis/fold1_00002518.png,train
Testis/fold1_00002519.png,train
Testis/fold1_00002520.png,train
Testis/fold1_00002521.png,train
Testis/fold1_00002522.png,train
Testis/fold1_00002523.png,train
Testis/fold1_00002525.png,train
Testis/fold1_00002526.png,train
Testis/fold1_00002527.png,train
Testis/fold1_00002528.png,train
Testis/fold1_00002529.png,train
Testis/fold1_00002532.png,train
Testis/fold1_00002533.png,train
Testis/fold1_00002535.png,train
Testis/fold1_00002536.png,train
Testis/fold2_00001213.png,train
Testis/fold2_00001214.png,train
Testis/fold2_00001215.png,train
Testis/fold2_00001218.png,train
Testis/fold2_00001219.png,train
Testis/fold2_00001220.png,train
Testis/fold2_00001221.png,train
Testis/fold2_00001222.png,train
Testis/fold2_00001223.png,train
Testis/fold2_00001224.png,train
Testis/fold2_00001226.png,train
Testis/fold2_00001228.png,train
Testis/fold2_00001232.png,train
Testis/fold2_00001233.png,train
Testis/fold2_00001234.png,train
Testis/fold2_00001235.png,train
Testis/fold2_00001236.png,train
Testis/fold2_00001237.png,train
Testis/fold2_00001238.png,train
Testis/fold2_00001239.png,train
Testis/fold2_00001241.png,train
Testis/fold2_00001242.png,train
Testis/fold2_00001243.png,train
Testis/fold2_00001244.png,train
Testis/fold2_00001245.png,train
Testis/fold2_00001246.png,train
Testis/fold2_00001247.png,train
Testis/fold2_00001248.png,train
Testis/fold2_00001249.png,train
Testis/fold2_00001251.png,train
Testis/fold2_00001252.png,train
Testis/fold2_00001253.png,train
Testis/fold2_00001254.png,train
Testis/fold2_00001256.png,train
Testis/fold2_00001257.png,train
Testis/fold2_00001258.png,train
Testis/fold2_00001260.png,train
Testis/fold2_00001261.png,train
Testis/fold2_00001263.png,train
Testis/fold2_00001264.png,train
Testis/fold2_00002357.png,train
Testis/fold2_00002359.png,train
Testis/fold2_00002360.png,train
Testis/fold2_00002361.png,train
Testis/fold2_00002362.png,train
Testis/fold2_00002364.png,train
Testis/fold2_00002366.png,train
Testis/fold2_00002367.png,train
Testis/fold2_00002369.png,train
Testis/fold2_00002370.png,train
Testis/fold2_00002371.png,train
Testis/fold2_00002372.png,train
Testis/fold2_00002373.png,train
Testis/fold2_00002374.png,train
Testis/fold2_00002375.png,train
Testis/fold2_00002377.png,train
Testis/fold2_00002378.png,train
Testis/fold2_00002379.png,train
Testis/fold2_00002380.png,train
Testis/fold2_00002381.png,train
Testis/fold3_00001286.png,train
Testis/fold3_00001287.png,train
Testis/fold3_00001290.png,train
Testis/fold3_00001295.png,train
Testis/fold3_00001296.png,train
Testis/fold3_00001298.png,train
Testis/fold3_00001300.png,train
Testis/fold3_00001301.png,train
Testis/fold3_00001303.png,train
Testis/fold3_00001304.png,train
Testis/fold3_00001306.png,train
Testis/fold3_00001307.png,train
Testis/fold3_00001309.png,train
Testis/fold3_00001311.png,train
Testis/fold3_00001312.png,train
Testis/fold3_00001313.png,train
Testis/fold3_00001314.png,train
Testis/fold3_00002455.png,train
Testis/fold3_00002457.png,train
Testis/fold3_00002458.png,train
Testis/fold3_00002459.png,train
Testis/fold3_00002460.png,train
Testis/fold3_00002461.png,train
Testis/fold3_00002462.png,train
Testis/fold3_00002463.png,train
Testis/fold3_00002464.png,train
Testis/fold3_00002466.png,train
Testis/fold3_00002468.png,train
Testis/fold3_00002469.png,train
Testis/fold3_00002470.png,train
Testis/fold3_00002472.png,train
Testis/fold3_00002473.png,train
Testis/fold3_00002474.png,train
Testis/fold3_00002475.png,train
Testis/fold3_00002476.png,train
Testis/fold3_00002478.png,train
Testis/fold3_00002479.png,train
Testis/fold3_00002480.png,train
Testis/fold3_00002481.png,train
Testis/fold3_00002482.png,train
Thyroid/fold1_00001065.png,train
Thyroid/fold1_00001066.png,train
Thyroid/fold1_00001067.png,train
Thyroid/fold1_00001068.png,train
Thyroid/fold1_00001069.png,train
Thyroid/fold1_00001070.png,train
Thyroid/fold1_00001071.png,train
Thyroid/fold1_00001073.png,train
Thyroid/fold1_00001074.png,train
Thyroid/fold1_00001075.png,train
Thyroid/fold1_00001076.png,train
Thyroid/fold1_00001077.png,train
Thyroid/fold1_00001078.png,train
Thyroid/fold1_00001080.png,train
Thyroid/fold1_00001081.png,train
Thyroid/fold1_00001097.png,train
Thyroid/fold1_00001098.png,train
Thyroid/fold1_00001099.png,train
Thyroid/fold1_00001100.png,train
Thyroid/fold1_00001101.png,train
Thyroid/fold1_00001102.png,train
Thyroid/fold1_00001103.png,train
Thyroid/fold1_00001104.png,train
Thyroid/fold1_00001106.png,train
Thyroid/fold1_00001108.png,train
Thyroid/fold1_00001109.png,train
Thyroid/fold1_00001110.png,train
Thyroid/fold1_00001111.png,train
Thyroid/fold1_00001113.png,train
Thyroid/fold1_00002537.png,train
Thyroid/fold1_00002539.png,train
Thyroid/fold1_00002541.png,train
Thyroid/fold1_00002543.png,train
Thyroid/fold1_00002544.png,train
Thyroid/fold1_00002545.png,train
Thyroid/fold1_00002546.png,train
Thyroid/fold1_00002547.png,train
Thyroid/fold1_00002549.png,train
Thyroid/fold1_00002550.png,train
Thyroid/fold1_00002551.png,train
Thyroid/fold1_00002552.png,train
Thyroid/fold1_00002553.png,train
Thyroid/fold1_00002554.png,train
Thyroid/fold1_00002556.png,train
Thyroid/fold1_00002558.png,train
Thyroid/fold1_00002560.png,train
Thyroid/fold1_00002561.png,train
Thyroid/fold1_00002562.png,train
Thyroid/fold1_00002563.png,train
Thyroid/fold1_00002564.png,train
Thyroid/fold1_00002567.png,train
Thyroid/fold1_00002568.png,train
Thyroid/fold1_00002569.png,train
Thyroid/fold1_00002573.png,train
Thyroid/fold1_00002574.png,train
Thyroid/fold1_00002577.png,train
Thyroid/fold2_00000933.png,train
Thyroid/fold2_00000934.png,train
Thyroid/fold2_00000935.png,train
Thyroid/fold2_00000936.png,train
Thyroid/fold2_00000937.png,train
Thyroid/fold2_00000938.png,train
Thyroid/fold2_00000939.png,train
Thyroid/fold2_00000940.png,train
Thyroid/fold2_00000941.png,train
Thyroid/fold2_00000942.png,train
Thyroid/fold2_00000943.png,train
Thyroid/fold2_00000944.png,train
Thyroid/fold2_00000945.png,train
Thyroid/fold2_00000946.png,train
Thyroid/fold2_00000947.png,train
Thyroid/fold2_00000948.png,train
Thyroid/fold2_00000949.png,train
Thyroid/fold2_00000950.png,train
Thyroid/fold2_00000951.png,train
Thyroid/fold2_00000972.png,train
Thyroid/fold2_00000973.png,train
Thyroid/fold2_00000974.png,train
Thyroid/fold2_00000975.png,train
Thyroid/fold2_00000978.png,train
Thyroid/fold2_00000979.png,train
Thyroid/fold2_00000980.png,train
Thyroid/fold2_00000982.png,train
Thyroid/fold2_00000983.png,train
Thyroid/fold2_00000984.png,train
Thyroid/fold2_00000986.png,train
Thyroid/fold2_00000987.png,train
Thyroid/fold2_00002382.png,train
Thyroid/fold2_00002383.png,train
Thyroid/fold2_00002386.png,train
Thyroid/fold2_00002387.png,train
Thyroid/fold2_00002388.png,train
Thyroid/fold2_00002389.png,train
Thyroid/fold2_00002390.png,train
Thyroid/fold2_00002391.png,train
Thyroid/fold2_00002392.png,train
Thyroid/fold2_00002393.png,train
Thyroid/fold2_00002394.png,train
Thyroid/fold2_00002395.png,train
Thyroid/fold2_00002396.png,train
Thyroid/fold2_00002397.png,train
Thyroid/fold2_00002398.png,train
Thyroid/fold2_00002399.png,train
Thyroid/fold2_00002400.png,train
Thyroid/fold2_00002401.png,train
Thyroid/fold2_00002402.png,train
Thyroid/fold2_00002403.png,train
Thyroid/fold2_00002405.png,train
Thyroid/fold2_00002407.png,train
Thyroid/fold2_00002408.png,train
Thyroid/fold2_00002409.png,train
Thyroid/fold2_00002411.png,train
Thyroid/fold2_00002412.png,train
Thyroid/fold2_00002413.png,train
Thyroid/fold2_00002414.png,train
Thyroid/fold2_00002416.png,train
Thyroid/fold2_00002418.png,train
Thyroid/fold2_00002419.png,train
Thyroid/fold2_00002420.png,train
Thyroid/fold2_00002421.png,train
Thyroid/fold2_00002422.png,train
Thyroid/fold2_00002423.png,train
Thyroid/fold2_00002424.png,train
Thyroid/fold2_00002426.png,train
Thyroid/fold2_00002427.png,train
Thyroid/fold2_00002428.png,train
Thyroid/fold3_00001008.png,train
Thyroid/fold3_00001010.png,train
Thyroid/fold3_00001011.png,train
Thyroid/fold3_00001012.png,train
Thyroid/fold3_00001014.png,train
Thyroid/fold3_00001015.png,train
Thyroid/fold3_00001016.png,train
Thyroid/fold3_00001030.png,train
Thyroid/fold3_00001031.png,train
Thyroid/fold3_00001034.png,train
Thyroid/fold3_00001035.png,train
Thyroid/fold3_00001038.png,train
Thyroid/fold3_00001039.png,train
Thyroid/fold3_00001040.png,train
Thyroid/fold3_00001041.png,train
Thyroid/fold3_00001042.png,train
Thyroid/fold3_00002483.png,train
Thyroid/fold3_00002484.png,train
Thyroid/fold3_00002485.png,train
Thyroid/fold3_00002486.png,train
Thyroid/fold3_00002487.png,train
Thyroid/fold3_00002488.png,train
Thyroid/fold3_00002489.png,train
Thyroid/fold3_00002490.png,train
Thyroid/fold3_00002491.png,train
Thyroid/fold3_00002492.png,train
Thyroid/fold3_00002493.png,train
Thyroid/fold3_00002494.png,train
Thyroid/fold3_00002495.png,train
Thyroid/fold3_00002496.png,train
Thyroid/fold3_00002497.png,train
Thyroid/fold3_00002498.png,train
Thyroid/fold3_00002500.png,train
Thyroid/fold3_00002501.png,train
Thyroid/fold3_00002502.png,train
Thyroid/fold3_00002503.png,train
Thyroid/fold3_00002506.png,train
Thyroid/fold3_00002507.png,train
Thyroid/fold3_00002508.png,train
Thyroid/fold3_00002511.png,train
Thyroid/fold3_00002512.png,train
Thyroid/fold3_00002513.png,train
Thyroid/fold3_00002514.png,train
Thyroid/fold3_00002515.png,train
Thyroid/fold3_00002516.png,train
Thyroid/fold3_00002517.png,train
Thyroid/fold3_00002518.png,train
Thyroid/fold3_00002520.png,train
Uterus/fold1_00001061.png,train
Uterus/fold1_00001062.png,train
Uterus/fold1_00001063.png,train
Uterus/fold1_00002578.png,train
Uterus/fold1_00002579.png,train
Uterus/fold1_00002582.png,train
Uterus/fold1_00002583.png,train
Uterus/fold1_00002586.png,train
Uterus/fold1_00002587.png,train
Uterus/fold1_00002588.png,train
Uterus/fold1_00002589.png,train
Uterus/fold1_00002590.png,train
Uterus/fold1_00002591.png,train
Uterus/fold2_00000930.png,train
Uterus/fold2_00000931.png,train
Uterus/fold2_00000932.png,train
Uterus/fold2_00002430.png,train
Uterus/fold3_00000957.png,train
Uterus/fold3_00000958.png,train
Uterus/fold3_00000960.png,train
Uterus/fold3_00000961.png,train
Uterus/fold3_00000963.png,train
Uterus/fold3_00000964.png,train
Uterus/fold3_00000965.png,train
Uterus/fold3_00000966.png,train
Uterus/fold3_00000967.png,train
Uterus/fold3_00000968.png,train
Uterus/fold3_00000969.png,train
Uterus/fold3_00000970.png,train
Uterus/fold3_00000971.png,train
Uterus/fold3_00000972.png,train
Uterus/fold3_00000973.png,train
Uterus/fold3_00000975.png,train
Uterus/fold3_00000976.png,train
Uterus/fold3_00000978.png,train
Uterus/fold3_00000980.png,train
Uterus/fold3_00000981.png,train
Uterus/fold3_00000982.png,train
Uterus/fold3_00000983.png,train
Uterus/fold3_00000984.png,train
Uterus/fold3_00000985.png,train
Uterus/fold3_00000986.png,train
Uterus/fold3_00000987.png,train
Uterus/fold3_00000988.png,train
Uterus/fold3_00000989.png,train
Uterus/fold3_00000990.png,train
Uterus/fold3_00000992.png,train
Uterus/fold3_00000993.png,train
Uterus/fold3_00000994.png,train
Uterus/fold3_00000995.png,train
Uterus/fold3_00000996.png,train
Uterus/fold3_00000998.png,train
Uterus/fold3_00000999.png,train
Uterus/fold3_00001000.png,train
Uterus/fold3_00001003.png,train
Uterus/fold3_00001005.png,train
Uterus/fold3_00001007.png,train
Uterus/fold3_00002523.png,train
Uterus/fold3_00002524.png,train
Uterus/fold3_00002525.png,train
Uterus/fold3_00002526.png,train
Uterus/fold3_00002527.png,train
Uterus/fold3_00002529.png,train
Uterus/fold3_00002531.png,train
Uterus/fold3_00002534.png,train
Uterus/fold3_00002535.png,train
Uterus/fold3_00002536.png,train
Uterus/fold3_00002538.png,train
Uterus/fold3_00002539.png,train
Uterus/fold3_00002540.png,train
Uterus/fold3_00002541.png,train
Uterus/fold3_00002542.png,train
Uterus/fold3_00002543.png,train
Uterus/fold3_00002544.png,train
Uterus/fold3_00002545.png,train
Uterus/fold3_00002546.png,train
Uterus/fold3_00002547.png,train
Uterus/fold3_00002548.png,train
Uterus/fold3_00002549.png,train
Uterus/fold3_00002554.png,train
Uterus/fold3_00002555.png,train
Uterus/fold3_00002556.png,train
Uterus/fold3_00002557.png,train
Uterus/fold3_00002562.png,train
Uterus/fold3_00002563.png,train
Uterus/fold3_00002565.png,train
Uterus/fold3_00002566.png,train
Uterus/fold3_00002567.png,train
Uterus/fold3_00002569.png,train
Uterus/fold3_00002570.png,train
Uterus/fold3_00002571.png,train
Uterus/fold3_00002572.png,train
Uterus/fold3_00002575.png,train
Uterus/fold3_00002577.png,train
Uterus/fold3_00002578.png,train
Uterus/fold3_00002579.png,train
Uterus/fold3_00002581.png,train
Uterus/fold3_00002582.png,train
Uterus/fold3_00002583.png,train
Uterus/fold3_00002584.png,train
Uterus/fold3_00002585.png,train
Uterus/fold3_00002587.png,train
Uterus/fold3_00002589.png,train
Uterus/fold3_00002590.png,train
Uterus/fold3_00002591.png,train
Uterus/fold3_00002592.png,train
Uterus/fold3_00002593.png,train
Uterus/fold3_00002594.png,train
Uterus/fold3_00002596.png,train
Uterus/fold3_00002599.png,train
Uterus/fold3_00002600.png,train
Uterus/fold3_00002603.png,train
Uterus/fold3_00002604.png,train
Uterus/fold3_00002605.png,train
Uterus/fold3_00002606.png,train
Uterus/fold3_00002607.png,train
Uterus/fold3_00002608.png,train
Uterus/fold3_00002609.png,train
Uterus/fold3_00002610.png,train
Uterus/fold3_00002612.png,train
Uterus/fold3_00002613.png,train
Uterus/fold3_00002614.png,train
Uterus/fold3_00002615.png,train
Uterus/fold3_00002616.png,train
Uterus/fold3_00002619.png,train
Uterus/fold3_00002621.png,train
Uterus/fold3_00002623.png,train
Uterus/fold3_00002625.png,train
Uterus/fold3_00002627.png,train
Uterus/fold3_00002628.png,train
Uterus/fold3_00002629.png,train
Uterus/fold3_00002631.png,train
Uterus/fold3_00002632.png,train
Uterus/fold3_00002633.png,train
Adrenal Gland/fold1_00001174.png,test
Adrenal Gland/fold1_00001193.png,test
Adrenal Gland/fold1_00001194.png,test
Adrenal Gland/fold1_00001206.png,test
Adrenal Gland/fold1_00001211.png,test
Adrenal Gland/fold1_00001218.png,test
Adrenal Gland/fold1_00001265.png,test
Adrenal Gland/fold1_00001268.png,test
Adrenal Gland/fold1_00001303.png,test
Adrenal Gland/fold1_00001520.png,test
Adrenal Gland/fold1_00001522.png,test
Adrenal Gland/fold1_00001539.png,test
Adrenal Gland/fold1_00001542.png,test
Adrenal Gland/fold1_00001551.png,test
Adrenal Gland/fold1_00001553.png,test
Adrenal Gland/fold1_00001557.png,test
Adrenal Gland/fold2_00001032.png,test
Adrenal Gland/fold2_00001039.png,test
Adrenal Gland/fold2_00001047.png,test
Adrenal Gland/fold2_00001069.png,test
Adrenal Gland/fold2_00001071.png,test
Adrenal Gland/fold2_00001073.png,test
Adrenal Gland/fold2_00001113.png,test
Adrenal Gland/fold2_00001115.png,test
Adrenal Gland/fold2_00001123.png,test
Adrenal Gland/fold2_00001150.png,test
Adrenal Gland/fold2_00001170.png,test
Adrenal Gland/fold2_00001333.png,test
Adrenal Gland/fold2_00001346.png,test
Adrenal Gland/fold2_00001352.png,test
Adrenal Gland/fold2_00001391.png,test
Adrenal Gland/fold2_00001396.png,test
Adrenal Gland/fold3_00001093.png,test
Adrenal Gland/fold3_00001098.png,test
Adrenal Gland/fold3_00001106.png,test
Adrenal Gland/fold3_00001112.png,test
Adrenal Gland/fold3_00001120.png,test
Adrenal Gland/fold3_00001127.png,test
Adrenal Gland/fold3_00001132.png,test
Adrenal Gland/fold3_00001143.png,test
Adrenal Gland/fold3_00001187.png,test
Adrenal Gland/fold3_00001214.png,test
Adrenal Gland/fold3_00001216.png,test
Adrenal Gland/fold3_00001217.png,test
Adrenal Gland/fold3_00001223.png,test
Adrenal Gland/fold3_00001404.png,test
Adrenal Gland/fold3_00001419.png,test
Adrenal Gland/fold3_00001421.png,test
Adrenal Gland/fold3_00001443.png,test
Adrenal Gland/fold3_00001444.png,test
Adrenal Gland/fold3_00001445.png,test
Adrenal Gland/fold3_00001455.png,test
Adrenal Gland/fold3_00001464.png,test
Bile Duct/fold1_00001386.png,test
Bile Duct/fold1_00001398.png,test
Bile Duct/fold1_00001403.png,test
Bile Duct/fold1_00001406.png,test
Bile Duct/fold1_00001410.png,test
Bile Duct/fold1_00001456.png,test
Bile Duct/fold1_00001478.png,test
Bile Duct/fold1_00001584.png,test
Bile Duct/fold1_00001588.png,test
Bile Duct/fold1_00001608.png,test
Bile Duct/fold1_00001609.png,test
Bile Duct/fold1_00001613.png,test
Bile Duct/fold1_00001618.png,test
Bile Duct/fold1_00001620.png,test
Bile Duct/fold1_00001626.png,test
Bile Duct/fold1_00001637.png,test
Bile Duct/fold1_00001638.png,test
Bile Duct/fold1_00001639.png,test
Bile Duct/fold1_00001643.png,test
Bile Duct/fold1_00001649.png,test
Bile Duct/fold2_00001196.png,test
Bile Duct/fold2_00001201.png,test
Bile Duct/fold2_00001268.png,test
Bile Duct/fold2_00001273.png,test
Bile Duct/fold2_00001276.png,test
Bile Duct/fold2_00001281.png,test
Bile Duct/fold2_00001289.png,test
Bile Duct/fold2_00001292.png,test
Bile Duct/fold2_00001423.png,test
Bile Duct/fold2_00001425.png,test
Bile Duct/fold2_00001427.png,test
Bile Duct/fold2_00001446.png,test
Bile Duct/fold3_00001259.png,test
Bile Duct/fold3_00001271.png,test
Bile Duct/fold3_00001276.png,test
Bile Duct/fold3_00001326.png,test
Bile Duct/fold3_00001340.png,test
Bile Duct/fold3_00001342.png,test
Bile Duct/fold3_00001344.png,test
Bile Duct/fold3_00001346.png,test
Bile Duct/fold3_00001468.png,test
Bile Duct/fold3_00001476.png,test
Bile Duct/fold3_00001482.png,test
Bile Duct/fold3_00001483.png,test
Bile Duct/fold3_00001485.png,test
Bile Duct/fold3_00001492.png,test
Bile Duct/fold3_00001500.png,test
Bile Duct/fold3_00001506.png,test
Bile Duct/fold3_00001526.png,test
Bile Duct/fold3_00001528.png,test
Bile Duct/fold3_00001530.png,test
Bile Duct/fold3_00001545.png,test
Bladder/fold1_00000923.png,test
Bladder/fold1_00000932.png,test
Bladder/fold1_00001670.png,test
Bladder/fold1_00001671.png,test
Bladder/fold1_00001672.png,test
Bladder/fold1_00001674.png,test
Bladder/fold1_00001678.png,test
Bladder/fold2_00000816.png,test
Bladder/fold2_00000817.png,test
Bladder/fold2_00000826.png,test
Bladder/fold2_00001454.png,test
Bladder/fold2_00001455.png,test
Bladder/fold2_00001456.png,test
Bladder/fold2_00001457.png,test
Bladder/fold2_00001459.png,test
Bladder/fold2_00001461.png,test
Bladder/fold2_00001462.png,test
Bladder/fold2_00001465.png,test
Bladder/fold2_00001470.png,test
Bladder/fold2_00001471.png,test
Bladder/fold2_00001477.png,test
Bladder/fold2_00001478.png,test
Bladder/fold2_00001480.png,test
Bladder/fold2_00001481.png,test
Bladder/fold2_00001485.png,test
Bladder/fold2_00001486.png,test
Bladder/fold2_00001489.png,test
Bladder/fold2_00001490.png,test
Bladder/fold2_00001492.png,test
Bladder/fold2_00001498.png,test
Bladder/fold2_00001502.png,test
Bladder/fold3_00000851.png,test
Bladder/fold3_00000862.png,test
Bladder/fold3_00001557.png,test
Bladder/fold3_00001561.png,test
Bladder/fold3_00001562.png,test
Bladder/fold3_00001563.png,test
Bladder/fold3_00001565.png,test
Bladder/fold3_00001567.png,test
Bladder/fold3_00001573.png,test
Bladder/fold3_00001574.png,test
Bladder/fold3_00001575.png,test
Bladder/fold3_00001578.png,test
Bladder/fold3_00001580.png,test
Bladder/fold3_00001581.png,test
Bladder/fold3_00001582.png,test
Bladder/fold3_00001591.png,test
Bladder/fold3_00001595.png,test
Bladder/fold3_00001602.png,test
Bladder/fold3_00001603.png,test
Bladder/fold3_00001606.png,test
Bladder/fold3_00001609.png,test
Bladder/fold3_00001610.png,test
Breast/fold1_00000002.png,test
Breast/fold1_00000029.png,test
Breast/fold1_00000079.png,test
Breast/fold1_00000086.png,test
Breast/fold1_00000237.png,test
Breast/fold1_00000241.png,test
Breast/fold1_00000262.png,test
Breast/fold1_00000283.png,test
Breast/fold1_00000290.png,test
Breast/fold1_00000322.png,test
Breast/fold1_00000350.png,test
Breast/fold1_00000458.png,test
Breast/fold1_00000495.png,test
Breast/fold1_00000515.png,test
Breast/fold1_00000525.png,test
Breast/fold1_00000626.png,test
Breast/fold1_00000661.png,test
Breast/fold1_00000676.png,test
Breast/fold1_00001735.png,test
Breast/fold1_00001744.png,test
Breast/fold2_00000040.png,test
Breast/fold2_00000075.png,test
Breast/fold2_00000093.png,test
Breast/fold2_00000115.png,test
Breast/fold2_00000153.png,test
Breast/fold2_00000159.png,test
Breast/fold2_00000188.png,test
Breast/fold2_00000258.png,test
Breast/fold2_00000395.png,test
Breast/fold2_00000432.png,test
Breast/fold2_00000449.png,test
Breast/fold2_00000500.png,test
Breast/fold2_00000557.png,test
Breast/fold2_00000659.png,test
Breast/fold2_00001511.png,test
Breast/fold2_00001513.png,test
Breast/fold3_00000058.png,test
Breast/fold3_00000157.png,test
Breast/fold3_00000218.png,test
Breast/fold3_00000273.png,test
Breast/fold3_00000370.png,test
Breast/fold3_00000414.png,test
Breast/fold3_00000425.png,test
Breast/fold3_00000503.png,test
Breast/fold3_00000543.png,test
Breast/fold3_00000585.png,test
Breast/fold3_00000596.png,test
Breast/fold3_00000605.png,test
Breast/fold3_00000632.png,test
Breast/fold3_00000633.png,test
Breast/fold3_00000675.png,test
Breast/fold3_00000692.png,test
Breast/fold3_00001636.png,test
Cervix/fold1_00001092.png,test
Cervix/fold1_00001148.png,test
Cervix/fold1_00001157.png,test
Cervix/fold1_00001166.png,test
Cervix/fold1_00001168.png,test
Cervix/fold1_00001319.png,test
Cervix/fold1_00001320.png,test
Cervix/fold1_00001323.png,test
Cervix/fold1_00001325.png,test
Cervix/fold1_00001327.png,test
Cervix/fold1_00001336.png,test
Cervix/fold1_00001337.png,test
Cervix/fold1_00001338.png,test
Cervix/fold1_00001339.png,test
Cervix/fold1_00001344.png,test
Cervix/fold1_00001356.png,test
Cervix/fold1_00001360.png,test
Cervix/fold1_00001751.png,test
Cervix/fold1_00001752.png,test
Cervix/fold1_00001760.png,test
Cervix/fold1_00001764.png,test
Cervix/fold1_00001765.png,test
Cervix/fold1_00001776.png,test
Cervix/fold1_00001784.png,test
Cervix/fold1_00001788.png,test
Cervix/fold1_00001791.png,test
Cervix/fold1_00001794.png,test
Cervix/fold1_00001802.png,test
Cervix/fold1_00001809.png,test
Cervix/fold2_00001173.png,test
Cervix/fold2_00001177.png,test
Cervix/fold2_00001185.png,test
Cervix/fold2_00001562.png,test
Cervix/fold2_00001567.png,test
Cervix/fold2_00001573.png,test
Cervix/fold2_00001574.png,test
Cervix/fold3_00001023.png,test
Cervix/fold3_00001025.png,test
Cervix/fold3_00001077.png,test
Cervix/fold3_00001081.png,test
Cervix/fold3_00001087.png,test
Cervix/fold3_00001090.png,test
Cervix/fold3_00001224.png,test
Cervix/fold3_00001228.png,test
Cervix/fold3_00001231.png,test
Cervix/fold3_00001234.png,test
Cervix/fold3_00001238.png,test
Cervix/fold3_00001240.png,test
Cervix/fold3_00001671.png,test
Cervix/fold3_00001682.png,test
Cervix/fold3_00001684.png,test
Cervix/fold3_00001689.png,test
Cervix/fold3_00001700.png,test
Colon/fold1_00000819.png,test
Colon/fold1_00000840.png,test
Colon/fold1_00000854.png,test
Colon/fold1_00000855.png,test
Colon/fold1_00000857.png,test
Colon/fold1_00000862.png,test
Colon/fold1_00001483.png,test
Colon/fold1_00001484.png,test
Colon/fold1_00001508.png,test
Colon/fold1_00001511.png,test
Colon/fold1_00001891.png,test
Colon/fold1_00001963.png,test
Colon/fold1_00001968.png,test
Colon/fold1_00002026.png,test
Colon/fold1_00002034.png,test
Colon/fold1_00002596.png,test
Colon/fold1_00002623.png,test
Colon/fold2_00000680.png,test
Colon/fold2_00000687.png,test
Colon/fold2_00000703.png,test
Colon/fold2_00000733.png,test
Colon/fold2_00000742.png,test
Colon/fold2_00001297.png,test
Colon/fold2_00001320.png,test
Colon/fold2_00001598.png,test
Colon/fold2_00001599.png,test
Colon/fold2_00001603.png,test
Colon/fold2_00001782.png,test
Colon/fold2_00002435.png,test
Colon/fold2_00002443.png,test
Colon/fold3_00000736.png,test
Colon/fold3_00000756.png,test
Colon/fold3_00000789.png,test
Colon/fold3_00000800.png,test
Colon/fold3_00001362.png,test
Colon/fold3_00001379.png,test
Colon/fold3_00001705.png,test
Colon/fold3_00001733.png,test
Colon/fold3_00001752.png,test
Colon/fold3_00001761.png,test
Colon/fold3_00001780.png,test
Colon/fold3_00001781.png,test
Colon/fold3_00001790.png,test
Colon/fold3_00001791.png,test
Colon/fold3_00001812.png,test
Colon/fold3_00001813.png,test
Colon/fold3_00001863.png,test
Colon/fold3_00001941.png,test
Colon/fold3_00002637.png,test
Colon/fold3_00002653.png,test
Colon/fold3_00002664.png,test
Colon/fold3_00002708.png,test
Esophagus/fold1_00000982.png,test
Esophagus/fold1_00001013.png,test
Esophagus/fold1_00001015.png,test
Esophagus/fold1_00001126.png,test
Esophagus/fold1_00001128.png,test
Esophagus/fold1_00001129.png,test
Esophagus/fold1_00001134.png,test
Esophagus/fold1_00001142.png,test
Esophagus/fold1_00001143.png,test
Esophagus/fold1_00001226.png,test
Esophagus/fold1_00001227.png,test
Esophagus/fold1_00001251.png,test
Esophagus/fold1_00001254.png,test
Esophagus/fold1_00001256.png,test
Esophagus/fold1_00002068.png,test
Esophagus/fold1_00002071.png,test
Esophagus/fold1_00002078.png,test
Esophagus/fold1_00002082.png,test
Esophagus/fold1_00002087.png,test
Esophagus/fold1_00002088.png,test
Esophagus/fold1_00002096.png,test
Esophagus/fold1_00002097.png,test
Esophagus/fold2_00000871.png,test
Esophagus/fold2_00000885.png,test
Esophagus/fold2_00000888.png,test
Esophagus/fold2_00000996.png,test
Esophagus/fold2_00001009.png,test
Esophagus/fold2_00001083.png,test
Esophagus/fold2_00001093.png,test
Esophagus/fold2_00001812.png,test
Esophagus/fold2_00001820.png,test
Esophagus/fold2_00001821.png,test
Esophagus/fold2_00001832.png,test
Esophagus/fold2_00001837.png,test
Esophagus/fold2_00001840.png,test
Esophagus/fold3_00000899.png,test
Esophagus/fold3_00000904.png,test
Esophagus/fold3_00000925.png,test
Esophagus/fold3_00001043.png,test
Esophagus/fold3_00001048.png,test
Esophagus/fold3_00001054.png,test
Esophagus/fold3_00001060.png,test
Esophagus/fold3_00001064.png,test
Esophagus/fold3_00001069.png,test
Esophagus/fold3_00001071.png,test
Esophagus/fold3_00001073.png,test
Esophagus/fold3_00001153.png,test
Esophagus/fold3_00001162.png,test
Esophagus/fold3_00001169.png,test
Esophagus/fold3_00001182.png,test
Esophagus/fold3_00001947.png,test
Esophagus/fold3_00001976.png,test
Esophagus/fold3_00001981.png,test
Head and Neck/fold1_00002099.png,test
Head and Neck/fold1_00002102.png,test
Head and Neck/fold1_00002110.png,test
Head and Neck/fold1_00002116.png,test
Head and Neck/fold1_00002118.png,test
Head and Neck/fold1_00002119.png,test
Head and Neck/fold1_00002120.png,test
Head and Neck/fold1_00002124.png,test
Head and Neck/fold1_00002136.png,test
Head and Neck/fold1_00002145.png,test
Head and Neck/fold1_00002150.png,test
Head and Neck/fold1_00002155.png,test
Head and Neck/fold1_00002163.png,test
Head and Neck/fold1_00002164.png,test
Head and Neck/fold2_00001850.png,test
Head and Neck/fold2_00001851.png,test
Head and Neck/fold2_00001854.png,test
Head and Neck/fold2_00001857.png,test
Head and Neck/fold2_00001858.png,test
Head and Neck/fold2_00001865.png,test
Head and Neck/fold2_00001866.png,test
Head and Neck/fold2_00001882.png,test
Head and Neck/fold2_00001896.png,test
Head and Neck/fold2_00001902.png,test
Head and Neck/fold2_00001909.png,test
Head and Neck/fold2_00001916.png,test
Head and Neck/fold2_00001932.png,test
Head and Neck/fold2_00001945.png,test
Head and Neck/fold2_00001956.png,test
Head and Neck/fold2_00001958.png,test
Head and Neck/fold2_00001961.png,test
Head and Neck/fold2_00001964.png,test
Head and Neck/fold2_00001983.png,test
Head and Neck/fold2_00001986.png,test
Head and Neck/fold2_00001991.png,test
Head and Neck/fold2_00001993.png,test
Head and Neck/fold2_00001995.png,test
Head and Neck/fold2_00002001.png,test
Head and Neck/fold3_00002027.png,test
Head and Neck/fold3_00002030.png,test
Head and Neck/fold3_00002034.png,test
Head and Neck/fold3_00002035.png,test
Head and Neck/fold3_00002046.png,test
Head and Neck/fold3_00002065.png,test
Head and Neck/fold3_00002072.png,test
Head and Neck/fold3_00002074.png,test
Head and Neck/fold3_00002089.png,test
Head and Neck/fold3_00002097.png,test
Head and Neck/fold3_00002101.png,test
Head and Neck/fold3_00002109.png,test
Head and Neck/fold3_00002125.png,test
Head and Neck/fold3_00002127.png,test
Head and Neck/fold3_00002131.png,test
Kidney/fold1_00000915.png,test
Kidney/fold1_00000916.png,test
Kidney/fold1_00000954.png,test
Kidney/fold1_00000959.png,test
Kidney/fold1_00000960.png,test
Kidney/fold1_00002174.png,test
Kidney/fold1_00002176.png,test
Kidney/fold1_00002177.png,test
Kidney/fold1_00002179.png,test
Kidney/fold1_00002180.png,test
Kidney/fold1_00002181.png,test
Kidney/fold1_00002185.png,test
Kidney/fold1_00002187.png,test
Kidney/fold2_00000800.png,test
Kidney/fold2_00000801.png,test
Kidney/fold2_00000803.png,test
Kidney/fold2_00000805.png,test
Kidney/fold2_00000812.png,test
Kidney/fold2_00000835.png,test
Kidney/fold2_00000838.png,test
Kidney/fold2_00000840.png,test
Kidney/fold2_00000843.png,test
Kidney/fold2_00002014.png,test
Kidney/fold2_00002017.png,test
Kidney/fold2_00002023.png,test
Kidney/fold2_00002025.png,test
Kidney/fold2_00002026.png,test
Kidney/fold2_00002031.png,test
Kidney/fold2_00002033.png,test
Kidney/fold2_00002034.png,test
Kidney/fold2_00002035.png,test
Kidney/fold2_00002041.png,test
Kidney/fold3_00000847.png,test
Kidney/fold3_00000885.png,test
Kidney/fold3_00000888.png,test
Kidney/fold3_00002133.png,test
Kidney/fold3_00002134.png,test
Kidney/fold3_00002135.png,test
Kidney/fold3_00002136.png,test
Kidney/fold3_00002138.png,test
Kidney/fold3_00002139.png,test
Kidney/fold3_00002140.png,test
Kidney/fold3_00002143.png,test
Kidney/fold3_00002144.png,test
Kidney/fold3_00002146.png,test
Kidney/fold3_00002148.png,test
Kidney/fold3_00002151.png,test
Kidney/fold3_00002154.png,test
Kidney/fold3_00002155.png,test
Kidney/fold3_00002158.png,test
Kidney/fold3_00002159.png,test
Kidney/fold3_00002161.png,test
Kidney/fold3_00002162.png,test
Liver/fold1_00002189.png,test
Liver/fold1_00002200.png,test
Liver/fold1_00002206.png,test
Liver/fold1_00002218.png,test
Liver/fold1_00002220.png,test
Liver/fold1_00002221.png,test
Liver/fold1_00002233.png,test
Liver/fold1_00002237.png,test
Liver/fold1_00002238.png,test
Liver/fold1_00002239.png,test
Liver/fold2_00002042.png,test
Liver/fold2_00002052.png,test
Liver/fold2_00002053.png,test
Liver/fold2_00002054.png,test
Liver/fold2_00002056.png,test
Liver/fold2_00002057.png,test
Liver/fold2_00002060.png,test
Liver/fold2_00002061.png,test
Liver/fold2_00002070.png,test
Liver/fold2_00002074.png,test
Liver/fold2_00002075.png,test
Liver/fold2_00002080.png,test
Liver/fold2_00002081.png,test
Liver/fold2_00002084.png,test
Liver/fold2_00002087.png,test
Liver/fold2_00002088.png,test
Liver/fold2_00002106.png,test
Liver/fold2_00002107.png,test
Liver/fold3_00002165.png,test
Liver/fold3_00002169.png,test
Liver/fold3_00002172.png,test
Liver/fold3_00002173.png,test
Liver/fold3_00002177.png,test
Liver/fold3_00002179.png,test
Liver/fold3_00002189.png,test
Liver/fold3_00002191.png,test
Liver/fold3_00002201.png,test
Liver/fold3_00002202.png,test
Liver/fold3_00002203.png,test
Liver/fold3_00002205.png,test
Liver/fold3_00002207.png,test
Liver/fold3_00002210.png,test
Liver/fold3_00002213.png,test
Liver/fold3_00002216.png,test
Liver/fold3_00002220.png,test
Liver/fold3_00002221.png,test
Liver/fold3_00002223.png,test
Liver/fold3_00002233.png,test
Liver/fold3_00002238.png,test
Liver/fold3_00002239.png,test
Liver/fold3_00002241.png,test
Liver/fold3_00002242.png,test
Liver/fold3_00002246.png,test
Lung/fold1_00000868.png,test
Lung/fold1_00000873.png,test
Lung/fold1_00000878.png,test
Lung/fold1_00000879.png,test
Lung/fold1_00000885.png,test
Lung/fold1_00000888.png,test
Lung/fold1_00000890.png,test
Lung/fold1_00000894.png,test
Lung/fold1_00001026.png,test
Lung/fold1_00001032.png,test
Lung/fold1_00001038.png,test
Lung/fold1_00001040.png,test
Lung/fold1_00001044.png,test
Lung/fold1_00001045.png,test
Lung/fold1_00001048.png,test
Lung/fold1_00001049.png,test
Lung/fold1_00001051.png,test
Lung/fold1_00001052.png,test
Lung/fold1_00001055.png,test
Lung/fold1_00001057.png,test
Lung/fold1_00001058.png,test
Lung/fold1_00002260.png,test
Lung/fold1_00002261.png,test
Lung/fold1_00002267.png,test
Lung/fold2_00000773.png,test
Lung/fold2_00000776.png,test
Lung/fold2_00000904.png,test
Lung/fold2_00000908.png,test
Lung/fold2_00000912.png,test
Lung/fold2_00000914.png,test
Lung/fold2_00000916.png,test
Lung/fold2_00000919.png,test
Lung/fold2_00000922.png,test
Lung/fold2_00000924.png,test
Lung/fold2_00000925.png,test
Lung/fold2_00000927.png,test
Lung/fold2_00002110.png,test
Lung/fold2_00002114.png,test
Lung/fold2_00002115.png,test
Lung/fold2_00002116.png,test
Lung/fold3_00000830.png,test
Lung/fold3_00000929.png,test
Lung/fold3_00000934.png,test
Lung/fold3_00000936.png,test
Lung/fold3_00000937.png,test
Lung/fold3_00000939.png,test
Lung/fold3_00000943.png,test
Lung/fold3_00000948.png,test
Lung/fold3_00000949.png,test
Lung/fold3_00000951.png,test
Lung/fold3_00000953.png,test
Lung/fold3_00002256.png,test
Ovarian/fold1_00000971.png,test
Ovarian/fold1_00000976.png,test
Ovarian/fold1_00000977.png,test
Ovarian/fold1_00002268.png,test
Ovarian/fold1_00002269.png,test
Ovarian/fold1_00002276.png,test
Ovarian/fold1_00002278.png,test
Ovarian/fold1_00002285.png,test
Ovarian/fold1_00002286.png,test
Ovarian/fold1_00002288.png,test
Ovarian/fold1_00002289.png,test
Ovarian/fold1_00002293.png,test
Ovarian/fold1_00002295.png,test
Ovarian/fold1_00002299.png,test
Ovarian/fold1_00002301.png,test
Ovarian/fold1_00002307.png,test
Ovarian/fold1_00002308.png,test
Ovarian/fold1_00002311.png,test
Ovarian/fold1_00002312.png,test
Ovarian/fold2_00002117.png,test
Ovarian/fold2_00002119.png,test
Ovarian/fold2_00002121.png,test
Ovarian/fold2_00002124.png,test
Ovarian/fold2_00002127.png,test
Ovarian/fold2_00002128.png,test
Ovarian/fold2_00002131.png,test
Ovarian/fold2_00002132.png,test
Ovarian/fold2_00002139.png,test
Ovarian/fold2_00002146.png,test
Ovarian/fold2_00002147.png,test
Ovarian/fold2_00002148.png,test
Ovarian/fold2_00002149.png,test
Ovarian/fold3_00002269.png,test
Ovarian/fold3_00002274.png,test
Ovarian/fold3_00002276.png,test
Ovarian/fold3_00002279.png,test
Ovarian/fold3_00002280.png,test
Ovarian/fold3_00002281.png,test
Ovarian/fold3_00002282.png,test
Ovarian/fold3_00002283.png,test
Ovarian/fold3_00002285.png,test
Ovarian/fold3_00002288.png,test
Ovarian/fold3_00002291.png,test
Ovarian/fold3_00002296.png,test
Ovarian/fold3_00002298.png,test
Ovarian/fold3_00002301.png,test
Ovarian/fold3_00002302.png,test
Ovarian/fold3_00002303.png,test
Ovarian/fold3_00002304.png,test
Ovarian/fold3_00002307.png,test
Ovarian/fold3_00002309.png,test
Ovarian/fold3_00002310.png,test
Ovarian/fold3_00002311.png,test
Pancreatic/fold1_00001019.png,test
Pancreatic/fold1_00001022.png,test
Pancreatic/fold1_00001024.png,test
Pancreatic/fold1_00001279.png,test
Pancreatic/fold1_00001284.png,test
Pancreatic/fold1_00001292.png,test
Pancreatic/fold1_00001293.png,test
Pancreatic/fold1_00002314.png,test
Pancreatic/fold1_00002316.png,test
Pancreatic/fold1_00002324.png,test
Pancreatic/fold1_00002328.png,test
Pancreatic/fold1_00002336.png,test
Pancreatic/fold1_00002338.png,test
Pancreatic/fold1_00002346.png,test
Pancreatic/fold1_00002348.png,test
Pancreatic/fold1_00002351.png,test
Pancreatic/fold1_00002353.png,test
Pancreatic/fold1_00002358.png,test
Pancreatic/fold2_00001127.png,test
Pancreatic/fold2_00001130.png,test
Pancreatic/fold2_00001134.png,test
Pancreatic/fold2_00001141.png,test
Pancreatic/fold2_00001143.png,test
Pancreatic/fold2_00001144.png,test
Pancreatic/fold2_00001147.png,test
Pancreatic/fold2_00002153.png,test
Pancreatic/fold2_00002155.png,test
Pancreatic/fold2_00002157.png,test
Pancreatic/fold2_00002162.png,test
Pancreatic/fold2_00002164.png,test
Pancreatic/fold2_00002165.png,test
Pancreatic/fold2_00002166.png,test
Pancreatic/fold2_00002168.png,test
Pancreatic/fold2_00002170.png,test
Pancreatic/fold2_00002182.png,test
Pancreatic/fold2_00002183.png,test
Pancreatic/fold2_00002184.png,test
Pancreatic/fold2_00002185.png,test
Pancreatic/fold2_00002190.png,test
Pancreatic/fold2_00002197.png,test
Pancreatic/fold2_00002200.png,test
Pancreatic/fold2_00002201.png,test
Pancreatic/fold2_00002202.png,test
Pancreatic/fold2_00002205.png,test
Pancreatic/fold3_00001205.png,test
Pancreatic/fold3_00001208.png,test
Pancreatic/fold3_00001210.png,test
Pancreatic/fold3_00002315.png,test
Pancreatic/fold3_00002322.png,test
Pancreatic/fold3_00002323.png,test
Pancreatic/fold3_00002327.png,test
Pancreatic/fold3_00002328.png,test
Prostate/fold1_00000922.png,test
Prostate/fold1_00000934.png,test
Prostate/fold1_00000935.png,test
Prostate/fold1_00000936.png,test
Prostate/fold1_00000939.png,test
Prostate/fold1_00000942.png,test
Prostate/fold1_00000946.png,test
Prostate/fold1_00000948.png,test
Prostate/fold1_00002362.png,test
Prostate/fold1_00002363.png,test
Prostate/fold1_00002365.png,test
Prostate/fold1_00002366.png,test
Prostate/fold1_00002368.png,test
Prostate/fold1_00002375.png,test
Prostate/fold1_00002377.png,test
Prostate/fold1_00002378.png,test
Prostate/fold1_00002386.png,test
Prostate/fold1_00002387.png,test
Prostate/fold1_00002391.png,test
Prostate/fold1_00002393.png,test
Prostate/fold1_00002397.png,test
Prostate/fold1_00002398.png,test
Prostate/fold1_00002399.png,test
Prostate/fold1_00002401.png,test
Prostate/fold2_00000813.png,test
Prostate/fold2_00000829.png,test
Prostate/fold2_00002218.png,test
Prostate/fold2_00002219.png,test
Prostate/fold2_00002220.png,test
Prostate/fold2_00002225.png,test
Prostate/fold2_00002227.png,test
Prostate/fold2_00002232.png,test
Prostate/fold2_00002238.png,test
Prostate/fold2_00002240.png,test
Prostate/fold3_00000865.png,test
Prostate/fold3_00000867.png,test
Prostate/fold3_00000871.png,test
Prostate/fold3_00000875.png,test
Prostate/fold3_00000882.png,test
Prostate/fold3_00002338.png,test
Prostate/fold3_00002341.png,test
Prostate/fold3_00002342.png,test
Prostate/fold3_00002347.png,test
Prostate/fold3_00002348.png,test
Prostate/fold3_00002349.png,test
Prostate/fold3_00002352.png,test
Prostate/fold3_00002353.png,test
Prostate/fold3_00002354.png,test
Prostate/fold3_00002359.png,test
Prostate/fold3_00002360.png,test
Prostate/fold3_00002369.png,test
Prostate/fold3_00002371.png,test
Prostate/fold3_00002372.png,test
Skin/fold1_00001087.png,test
Skin/fold1_00001089.png,test
Skin/fold1_00002414.png,test
Skin/fold1_00002428.png,test
Skin/fold1_00002429.png,test
Skin/fold1_00002446.png,test
Skin/fold1_00002452.png,test
Skin/fold1_00002453.png,test
Skin/fold1_00002455.png,test
Skin/fold1_00002461.png,test
Skin/fold2_00000954.png,test
Skin/fold2_00000955.png,test
Skin/fold2_00000959.png,test
Skin/fold2_00000961.png,test
Skin/fold2_00000962.png,test
Skin/fold2_00000963.png,test
Skin/fold2_00000964.png,test
Skin/fold2_00002252.png,test
Skin/fold2_00002253.png,test
Skin/fold2_00002256.png,test
Skin/fold2_00002257.png,test
Skin/fold2_00002260.png,test
Skin/fold2_00002262.png,test
Skin/fold2_00002267.png,test
Skin/fold2_00002274.png,test
Skin/fold2_00002280.png,test
Skin/fold2_00002281.png,test
Skin/fold2_00002284.png,test
Skin/fold2_00002285.png,test
Skin/fold2_00002287.png,test
Skin/fold2_00002288.png,test
Skin/fold2_00002289.png,test
Skin/fold2_00002291.png,test
Skin/fold2_00002293.png,test
Skin/fold2_00002294.png,test
Skin/fold2_00002295.png,test
Skin/fold2_00002296.png,test
Skin/fold2_00002302.png,test
Skin/fold2_00002303.png,test
Skin/fold2_00002307.png,test
Skin/fold2_00002309.png,test
Skin/fold2_00002311.png,test
Skin/fold2_00002312.png,test
Skin/fold2_00002315.png,test
Skin/fold3_00002376.png,test
Skin/fold3_00002381.png,test
Skin/fold3_00002382.png,test
Skin/fold3_00002387.png,test
Skin/fold3_00002390.png,test
Skin/fold3_00002391.png,test
Skin/fold3_00002392.png,test
Skin/fold3_00002405.png,test
Skin/fold3_00002406.png,test
Stomach/fold1_00000966.png,test
Stomach/fold1_00002467.png,test
Stomach/fold1_00002468.png,test
Stomach/fold1_00002474.png,test
Stomach/fold1_00002477.png,test
Stomach/fold1_00002478.png,test
Stomach/fold1_00002484.png,test
Stomach/fold1_00002485.png,test
Stomach/fold1_00002486.png,test
Stomach/fold1_00002489.png,test
Stomach/fold1_00002491.png,test
Stomach/fold1_00002492.png,test
Stomach/fold1_00002497.png,test
Stomach/fold1_00002498.png,test
Stomach/fold1_00002499.png,test
Stomach/fold1_00002500.png,test
Stomach/fold1_00002502.png,test
Stomach/fold1_00002508.png,test
Stomach/fold2_00000857.png,test
Stomach/fold2_00002316.png,test
Stomach/fold2_00002318.png,test
Stomach/fold2_00002319.png,test
Stomach/fold2_00002321.png,test
Stomach/fold2_00002324.png,test
Stomach/fold2_00002325.png,test
Stomach/fold2_00002326.png,test
Stomach/fold2_00002332.png,test
Stomach/fold2_00002333.png,test
Stomach/fold2_00002335.png,test
Stomach/fold2_00002341.png,test
Stomach/fold2_00002345.png,test
Stomach/fold2_00002347.png,test
Stomach/fold2_00002349.png,test
Stomach/fold2_00002351.png,test
Stomach/fold2_00002352.png,test
Stomach/fold2_00002354.png,test
Stomach/fold3_00002412.png,test
Stomach/fold3_00002417.png,test
Stomach/fold3_00002422.png,test
Stomach/fold3_00002425.png,test
Stomach/fold3_00002426.png,test
Stomach/fold3_00002429.png,test
Stomach/fold3_00002430.png,test
Stomach/fold3_00002434.png,test
Stomach/fold3_00002435.png,test
Stomach/fold3_00002442.png,test
Stomach/fold3_00002444.png,test
Stomach/fold3_00002445.png,test
Stomach/fold3_00002447.png,test
Stomach/fold3_00002448.png,test
Stomach/fold3_00002449.png,test
Stomach/fold3_00002453.png,test
Stomach/fold3_00002454.png,test
Testis/fold1_00001414.png,test
Testis/fold1_00001424.png,test
Testis/fold1_00001426.png,test
Testis/fold1_00001427.png,test
Testis/fold1_00001429.png,test
Testis/fold1_00001432.png,test
Testis/fold1_00001436.png,test
Testis/fold1_00001437.png,test
Testis/fold1_00001440.png,test
Testis/fold1_00001441.png,test
Testis/fold1_00001443.png,test
Testis/fold1_00002515.png,test
Testis/fold1_00002524.png,test
Testis/fold1_00002530.png,test
Testis/fold1_00002531.png,test
Testis/fold1_00002534.png,test
Testis/fold2_00001216.png,test
Testis/fold2_00001217.png,test
Testis/fold2_00001225.png,test
Testis/fold2_00001227.png,test
Testis/fold2_00001229.png,test
Testis/fold2_00001230.png,test
Testis/fold2_00001231.png,test
Testis/fold2_00001240.png,test
Testis/fold2_00001250.png,test
Testis/fold2_00001255.png,test
Testis/fold2_00001259.png,test
Testis/fold2_00001262.png,test
Testis/fold2_00002355.png,test
Testis/fold2_00002356.png,test
Testis/fold2_00002358.png,test
Testis/fold2_00002363.png,test
Testis/fold2_00002365.png,test
Testis/fold2_00002368.png,test
Testis/fold2_00002376.png,test
Testis/fold3_00001288.png,test
Testis/fold3_00001289.png,test
Testis/fold3_00001291.png,test
Testis/fold3_00001292.png,test
Testis/fold3_00001293.png,test
Testis/fold3_00001294.png,test
Testis/fold3_00001297.png,test
Testis/fold3_00001299.png,test
Testis/fold3_00001302.png,test
Testis/fold3_00001305.png,test
Testis/fold3_00001308.png,test
Testis/fold3_00001310.png,test
Testis/fold3_00002456.png,test
Testis/fold3_00002465.png,test
Testis/fold3_00002467.png,test
Testis/fold3_00002471.png,test
Testis/fold3_00002477.png,test
Thyroid/fold1_00001064.png,test
Thyroid/fold1_00001072.png,test
Thyroid/fold1_00001079.png,test
Thyroid/fold1_00001082.png,test
Thyroid/fold1_00001083.png,test
Thyroid/fold1_00001084.png,test
Thyroid/fold1_00001105.png,test
Thyroid/fold1_00001107.png,test
Thyroid/fold1_00001112.png,test
Thyroid/fold1_00001114.png,test
Thyroid/fold1_00002538.png,test
Thyroid/fold1_00002540.png,test
Thyroid/fold1_00002542.png,test
Thyroid/fold1_00002548.png,test
Thyroid/fold1_00002555.png,test
Thyroid/fold1_00002557.png,test
Thyroid/fold1_00002559.png,test
Thyroid/fold1_00002565.png,test
Thyroid/fold1_00002566.png,test
Thyroid/fold1_00002570.png,test
Thyroid/fold1_00002571.png,test
Thyroid/fold1_00002572.png,test
Thyroid/fold1_00002575.png,test
Thyroid/fold1_00002576.png,test
Thyroid/fold2_00000976.png,test
Thyroid/fold2_00000977.png,test
Thyroid/fold2_00000981.png,test
Thyroid/fold2_00000985.png,test
Thyroid/fold2_00000988.png,test
Thyroid/fold2_00000989.png,test
Thyroid/fold2_00002384.png,test
Thyroid/fold2_00002385.png,test
Thyroid/fold2_00002404.png,test
Thyroid/fold2_00002406.png,test
Thyroid/fold2_00002410.png,test
Thyroid/fold2_00002415.png,test
Thyroid/fold2_00002417.png,test
Thyroid/fold2_00002425.png,test
Thyroid/fold3_00001009.png,test
Thyroid/fold3_00001013.png,test
Thyroid/fold3_00001032.png,test
Thyroid/fold3_00001033.png,test
Thyroid/fold3_00001036.png,test
Thyroid/fold3_00001037.png,test
Thyroid/fold3_00002499.png,test
Thyroid/fold3_00002504.png,test
Thyroid/fold3_00002505.png,test
Thyroid/fold3_00002509.png,test
Thyroid/fold3_00002510.png,test
Thyroid/fold3_00002519.png,test
Thyroid/fold3_00002521.png,test
Thyroid/fold3_00002522.png,test
Uterus/fold1_00002580.png,test
Uterus/fold1_00002581.png,test
Uterus/fold1_00002584.png,test
Uterus/fold1_00002585.png,test
Uterus/fold2_00002429.png,test
Uterus/fold2_00002431.png,test
Uterus/fold3_00000956.png,test
Uterus/fold3_00000959.png,test
Uterus/fold3_00000962.png,test
Uterus/fold3_00000974.png,test
Uterus/fold3_00000977.png,test
Uterus/fold3_00000979.png,test
Uterus/fold3_00000991.png,test
Uterus/fold3_00000997.png,test
Uterus/fold3_00001001.png,test
Uterus/fold3_00001002.png,test
Uterus/fold3_00001004.png,test
Uterus/fold3_00001006.png,test
Uterus/fold3_00002528.png,test
Uterus/fold3_00002530.png,test
Uterus/fold3_00002532.png,test
Uterus/fold3_00002533.png,test
Uterus/fold3_00002537.png,test
Uterus/fold3_00002550.png,test
Uterus/fold3_00002551.png,test
Uterus/fold3_00002552.png,test
Uterus/fold3_00002553.png,test
Uterus/fold3_00002558.png,test
Uterus/fold3_00002559.png,test
Uterus/fold3_00002560.png,test
Uterus/fold3_00002561.png,test
Uterus/fold3_00002564.png,test
Uterus/fold3_00002568.png,test
Uterus/fold3_00002573.png,test
Uterus/fold3_00002574.png,test
Uterus/fold3_00002576.png,test
Uterus/fold3_00002580.png,test
Uterus/fold3_00002586.png,test
Uterus/fold3_00002588.png,test
Uterus/fold3_00002595.png,test
Uterus/fold3_00002597.png,test
Uterus/fold3_00002598.png,test
Uterus/fold3_00002601.png,test
Uterus/fold3_00002602.png,test
Uterus/fold3_00002611.png,test
Uterus/fold3_00002617.png,test
Uterus/fold3_00002618.png,test
Uterus/fold3_00002620.png,test
Uterus/fold3_00002622.png,test
Uterus/fold3_00002624.png,test
Uterus/fold3_00002626.png,test
Uterus/fold3_00002630.png,test
